date,india_basket_usd,brent_usd,wti_usd,india_basket_inr,daily_change_usd,volatility_30d,price_pct_change,iraq_mmt,saudi_arabia_mmt,russia_mmt,uae_mmt,kuwait_mmt,nigeria_mmt,usa_mmt,iran_mmt,total_imports_mmt,hhi_concentration,vizag_stock_mmt,mangaluru_stock_mmt,padur_stock_mmt,total_spr_stock_mmt,total_spr_capacity_mmt,overall_fill_pct,coverage_days,iea_compliant,opec_total_mmbd,saudi_arabia_mmbd,iraq_mmbd,iran_mmbd,opec_quota_compliance_pct,diesel_mmt,petrol_mmt,lpg_mmt,atf_mmt,total_consumption_mmt,yoy_growth_pct,event_name,geopolitical_severity,hormuz_closure_risk,redsea_disruption_risk,war_event,terrorism_event,sanctions_event,geopolitical_risk_index,hormuz_transit_days,hormuz_extra_delay_days,redsea_extra_delay_days,cape_rerouting_pct,vlcc_freight_rate_usd_day,shipping_cost_premium_usd_bbl,route_blocked,gdp_growth_pct,iip_index,cpi_inflation_pct,forex_reserves_bn_usd,current_account_balance_bn_usd,iran_sanctions_intensity,russia_sanctions_intensity,india_sanctions_exposure_score,russia_price_cap_active,vessel_congestion_index,avg_waiting_time_days,dark_shipping_incidents,total_crude_tanker_calls_india,usdinr,eurinr,total_capacity_mmt_month,total_throughput_mmt_month,avg_utilization_pct,import_to_consumption_ratio,spr_import_coverage_ratio,effective_supply_mmt,supply_deficit_flag
2015-01-01,59.24,60.43,57.46,3773.98,0.0,1.5,0.0,5.219,3.206,0.055,1.902,1.275,1.143,1.518,2.174,18.137,0.1636,0.8624,1.0839,1.7055,3.6518,5.33,68.5,5.9,0,32.028,10.89,5.065,2.625,86.4,0.612,0.198,0.2,0.085,1.517,2.72,Background geopolitical risk,1.58,0.043,0.036,0,0,0,0.087,8.6,1.1,1.22,5.5,23144.0,0.11,0,7.11,128.6,6.05,302.0,-34.5,2.99,0.6,1.35,0,3.34,2.6,5,1092,65.26,70.81,15.52,14.14,91.2,11.9558,0.2013,32.277,0
2015-02-01,57.25,58.4,55.53,3659.39,-1.99,1.5,-3.358,5.074,4.095,0.094,1.863,1.672,1.067,1.781,2.231,19.406,0.1604,0.8575,1.1044,1.7099,3.6718,5.33,68.9,6.0,0,31.205,10.524,4.997,2.565,77.1,0.614,0.19,0.199,0.079,1.517,5.17,Background geopolitical risk,1.65,0.036,0.031,0,0,0,0.086,8.5,1.02,1.8,8.1,25844.0,0.102,0,7.18,129.3,4.95,315.4,-46.3,2.93,0.2,1.35,0,3.42,2.8,5,1155,64.72,70.22,15.52,13.92,89.7,12.7924,0.1892,33.326,0
2015-03-01,58.12,59.28,56.38,3734.15,0.87,0.997,1.514,3.291,4.307,0.164,2.189,1.363,1.142,1.603,2.18,17.775,0.1489,0.8408,1.1078,1.6937,3.6423,5.33,68.3,5.9,0,31.774,10.649,5.163,2.584,80.0,0.586,0.189,0.202,0.079,1.517,3.4,Yemen civil war escalation,5.5,0.15,0.25,0,0,0,0.335,8.6,1.06,1.77,8.0,28753.0,0.106,0,7.65,128.7,6.36,290.8,-43.6,3.11,0.63,1.35,0,4.92,3.4,5,1057,63.44,68.83,15.52,14.01,90.3,11.7172,0.2049,31.785,0
2015-04-01,58.81,59.98,57.04,3760.64,0.69,0.779,1.184,4.47,3.106,0.161,2.027,1.684,1.276,1.495,2.107,18.125,0.1465,0.8467,1.1071,1.6893,3.6431,5.33,68.4,5.9,0,32.039,10.856,5.118,2.593,82.7,0.558,0.187,0.198,0.073,1.517,2.86,Background geopolitical risk,4.46,0.112,0.179,0,0,0,0.262,8.3,0.79,1.37,6.2,28332.0,0.079,0,7.52,130.1,5.74,301.2,-38.2,2.82,0.09,1.35,0,3.52,2.7,5,1139,63.96,69.39,15.52,14.11,90.9,11.9479,0.201,32.235,0
2015-05-01,52.91,53.97,51.33,3356.09,-5.89,3.222,-10.021,4.336,3.276,0.415,2.032,1.788,1.215,1.818,2.278,18.732,0.141,0.8468,1.1006,1.6886,3.636,5.33,68.2,5.9,0,31.704,10.766,5.047,2.549,74.5,0.567,0.179,0.206,0.072,1.517,3.56,Background geopolitical risk,3.6,0.089,0.14,0,0,0,0.21,8.1,0.59,1.58,7.1,25725.0,0.059,0,7.41,123.2,4.85,302.7,-41.6,3.07,0.44,1.35,0,3.57,2.3,5,1046,64.83,70.34,15.52,13.92,89.7,12.3481,0.1941,32.652,0
2015-06-01,51.82,52.85,50.26,3328.4,-1.1,3.76,-2.075,4.667,3.983,0.388,1.875,1.719,1.318,1.44,2.137,18.837,0.1532,0.8556,1.1037,1.7104,3.6697,5.33,68.8,6.0,0,30.861,10.286,4.904,2.462,82.4,0.526,0.189,0.198,0.073,1.517,6.39,Background geopolitical risk,2.98,0.086,0.124,0,0,0,0.18,8.1,0.63,2.57,11.6,24649.0,0.063,0,7.4,120.3,4.98,293.0,-48.8,2.85,0.2,1.35,0,3.07,2.3,5,1181,63.85,69.27,15.52,14.09,90.8,12.4173,0.1948,32.927,0
2015-07-01,55.95,57.07,54.27,3562.15,4.13,2.14,7.973,4.058,4.029,0.409,2.036,1.865,1.077,1.45,2.199,18.801,0.1454,0.8519,1.1125,1.7115,3.6759,5.33,69.0,6.0,0,31.342,10.674,5.035,2.505,73.6,0.562,0.187,0.198,0.07,1.517,4.32,Background geopolitical risk,2.25,0.061,0.109,0,0,0,0.139,7.9,0.45,3.05,13.7,26998.0,0.045,0,7.33,115.9,6.02,311.3,-35.0,3.11,0.34,1.35,0,3.88,2.8,5,910,64.42,69.9,15.52,13.96,90.0,12.3935,0.1955,32.761,0
2015-08-01,54.32,55.41,52.69,3500.24,-1.63,2.081,-2.909,4.188,2.646,0.171,1.835,1.725,1.255,1.531,2.182,16.999,0.1445,0.8543,1.1175,1.7326,3.7044,5.33,69.5,6.0,0,31.193,10.494,4.973,2.516,86.2,0.566,0.191,0.202,0.071,1.517,3.49,Background geopolitical risk,1.72,0.052,0.097,0,0,0,0.111,8.7,1.25,3.1,13.9,26530.0,0.125,0,7.76,111.0,3.28,288.4,-41.2,3.31,0.4,1.35,0,2.11,1.8,5,982,64.59,70.08,15.52,13.98,90.1,11.2057,0.2179,30.979,0
2015-09-01,52.33,53.37,50.76,3335.29,-1.99,1.814,-3.671,4.184,4.168,0.037,2.112,1.55,1.143,1.618,2.162,18.52,0.1537,0.8547,1.118,1.7374,3.7101,5.33,69.6,6.0,0,31.832,10.766,5.052,2.572,82.1,0.607,0.191,0.203,0.075,1.517,3.38,Background geopolitical risk,1.74,0.043,0.074,0,0,0,0.103,8.5,0.96,3.28,14.7,28810.0,0.096,0,7.84,109.4,6.57,302.8,-32.8,2.96,0.83,1.35,0,2.36,2.1,5,1162,63.74,69.15,15.52,14.14,91.1,12.2083,0.2003,32.66,0
2015-10-01,56.36,57.48,54.67,3661.76,4.03,2.015,7.702,3.628,4.682,0.19,1.937,1.666,1.214,1.611,2.251,18.927,0.1503,0.8562,1.1197,1.7488,3.7247,5.33,69.9,6.0,0,31.477,10.627,5.045,2.528,91.9,0.656,0.182,0.2,0.08,1.517,6.52,Background geopolitical risk,1.93,0.028,0.073,0,0,0,0.105,8.8,1.28,2.7,12.2,29657.0,0.128,0,7.71,111.2,7.24,310.9,-37.2,3.16,0.71,1.35,0,3.3,3.3,5,1124,64.17,69.62,15.52,14.34,92.4,12.4766,0.1968,33.267,0
2015-11-01,55.34,56.45,53.68,3531.25,-1.01,2.096,-1.801,3.973,3.422,0.144,1.702,1.411,1.365,1.802,2.214,17.758,0.1439,0.8616,1.1179,1.7518,3.7313,5.33,70.0,6.1,0,31.559,10.72,5.071,2.545,82.3,0.65,0.194,0.205,0.083,1.517,-1.83,Background geopolitical risk,1.5,0.031,0.063,0,0,0,0.087,8.6,1.07,3.14,14.1,27403.0,0.107,0,7.25,117.4,4.69,317.8,-45.2,2.77,0.68,1.35,0,4.28,3.5,5,1083,62.58,67.9,15.52,14.28,92.0,11.706,0.2101,32.038,0
2015-12-01,56.43,57.56,54.74,3613.96,1.09,0.61,1.974,4.406,5.259,0.354,2.034,1.499,1.071,1.663,2.194,19.909,0.1623,0.8616,1.1129,1.7467,3.7212,5.33,69.8,6.0,0,31.379,10.542,5.097,2.493,71.4,0.678,0.196,0.192,0.09,1.517,7.23,Background geopolitical risk,1.24,0.02,0.04,0,0,0,0.067,8.4,0.87,2.99,13.5,24941.0,0.087,0,7.44,118.6,6.11,303.3,-35.9,3.13,0.35,1.35,0,4.21,3.1,5,1030,63.69,69.1,15.52,14.36,92.6,13.1239,0.1869,34.269,0
2016-01-01,47.6,48.56,46.18,3213.65,-8.83,4.813,-15.645,3.938,3.189,0.44,2.191,1.646,1.383,1.655,2.195,18.511,0.1353,0.874,1.134,1.7908,3.7988,5.33,71.3,6.2,0,32.128,10.965,5.052,2.578,81.6,0.638,0.204,0.202,0.088,1.583,8.31,Iran sanctions lifted (JCPOA),3.0,0.05,0.1,0,0,0,0.163,9.0,1.5,2.54,11.4,25243.0,0.15,0,7.69,127.7,3.93,320.8,-47.0,2.85,0.64,1.35,0,3.21,2.4,5,1187,66.97,72.67,15.7,14.43,91.9,11.6936,0.2052,32.941,0
2016-02-01,41.81,42.65,40.56,2780.04,-5.79,7.362,-12.163,4.542,3.221,0.158,1.933,1.444,1.331,1.842,2.174,18.382,0.1473,0.8847,1.1271,1.8072,3.819,5.33,71.7,6.2,0,32.404,11.022,5.213,2.607,84.7,0.634,0.196,0.21,0.086,1.583,3.68,Background geopolitical risk,2.23,0.043,0.077,0,0,0,0.124,9.2,1.71,2.84,12.8,23201.0,0.171,0,8.05,131.8,6.39,333.7,-43.3,2.84,0.65,1.35,0,2.27,2.1,5,1006,66.48,72.13,15.7,14.41,91.8,11.6121,0.2078,32.792,0
2016-03-01,41.19,42.01,39.95,2768.38,-0.63,3.538,-1.5,3.959,3.506,0.099,1.94,1.663,1.159,1.683,2.247,17.876,0.1451,0.9087,1.1426,1.8302,3.8815,5.33,72.8,6.3,0,32.209,10.837,5.148,2.565,84.3,0.605,0.205,0.205,0.082,1.583,2.07,Background geopolitical risk,1.62,0.035,0.053,0,0,0,0.091,9.2,1.7,3.19,14.4,21088.0,0.17,0,8.3,134.5,7.56,328.0,-37.9,2.95,0.57,1.35,0,4.72,3.8,5,996,67.92,73.69,15.7,14.46,92.1,11.2925,0.2171,32.336,0
2016-04-01,42.59,43.45,41.32,2885.91,1.41,0.705,3.415,3.842,3.472,0.301,2.15,1.513,1.255,1.735,2.173,18.183,0.1396,0.9167,1.1657,1.8618,3.9442,5.33,74.0,6.4,0,31.832,10.585,5.076,2.552,85.8,0.602,0.198,0.213,0.078,1.583,5.33,Background geopolitical risk,1.33,0.046,0.047,0,0,0,0.081,9.0,1.53,3.6,16.2,23682.0,0.153,0,7.56,133.0,7.64,323.7,-33.7,3.13,0.36,1.35,0,2.23,1.8,5,1157,66.38,72.03,15.7,14.34,91.4,11.4864,0.2169,32.523,0
2016-05-01,39.97,40.77,38.77,2649.72,-2.63,1.314,-6.166,3.976,4.055,0.074,1.81,1.42,1.253,1.69,2.217,18.256,0.15,0.9278,1.1831,1.8915,4.0024,5.33,75.1,6.5,0,32.047,10.998,5.136,2.551,73.5,0.572,0.188,0.203,0.076,1.583,3.6,Background geopolitical risk,1.0,0.027,0.054,0,0,0,0.063,9.5,1.95,2.72,12.2,26400.0,0.195,0,7.53,126.2,4.4,333.2,-37.6,3.27,0.43,1.35,0,4.1,3.5,5,1094,66.88,72.56,15.7,14.47,92.2,11.5325,0.2192,32.726,0
2016-06-01,42.19,43.03,40.92,2834.68,2.22,1.414,5.554,3.488,3.747,0.007,1.988,1.676,1.166,1.63,2.318,17.603,0.1448,0.9391,1.1975,1.9227,4.0593,5.33,76.2,6.6,0,31.976,10.708,5.122,2.562,70.1,0.569,0.195,0.21,0.074,1.583,3.74,Background geopolitical risk,1.04,0.02,0.043,0,0,0,0.059,8.9,1.39,2.91,13.1,26131.0,0.139,0,8.56,123.5,5.56,325.8,-38.6,2.59,0.19,1.35,0,4.61,3.4,5,1053,67.17,72.87,15.7,14.23,90.7,11.12,0.2306,31.833,0
2016-07-01,38.73,39.5,37.57,2603.81,-3.46,1.752,-8.196,4.748,3.225,0.269,2.308,1.303,1.175,1.731,2.264,18.751,0.1494,0.9396,1.2075,1.9463,4.0934,5.33,76.8,6.6,0,32.346,11.136,5.16,2.577,78.8,0.592,0.19,0.213,0.073,1.583,3.92,Background geopolitical risk,1.0,0.029,0.039,0,0,0,0.06,9.2,1.7,2.19,9.8,28598.0,0.17,0,7.87,119.9,5.41,323.9,-37.5,3.07,0.53,1.35,0,4.79,4.1,5,1057,67.82,73.59,15.7,14.44,92.0,11.8452,0.2183,33.191,0
2016-08-01,37.87,38.63,36.74,2555.96,-0.86,2.285,-2.217,4.04,3.843,0.167,2.272,1.716,1.292,1.637,2.256,18.835,0.1445,0.9469,1.2194,1.9571,4.1234,5.33,77.4,6.7,0,32.199,10.808,5.124,2.607,91.9,0.623,0.199,0.212,0.076,1.583,-2.34,Background geopolitical risk,1.0,0.02,0.021,0,0,0,0.052,8.7,1.23,1.82,8.2,31215.0,0.123,0,8.66,118.0,5.22,320.9,-46.7,3.05,0.5,1.35,0,3.67,3.0,5,1071,66.38,72.02,15.7,14.49,92.3,11.8983,0.2189,33.325,0
2016-09-01,46.16,47.09,44.78,3069.06,8.29,4.56,21.898,4.55,3.6,0.234,2.414,1.813,1.229,1.802,2.266,19.284,0.1469,0.9745,1.2352,1.9951,4.2048,5.33,78.9,6.8,0,32.014,10.89,5.097,2.571,81.8,0.641,0.196,0.216,0.076,1.583,5.92,Background geopolitical risk,1.0,0.02,0.026,0,0,0,0.054,9.1,1.58,2.65,11.9,28517.0,0.158,0,7.94,113.2,4.59,317.0,-43.9,3.02,0.17,1.35,0,4.68,3.9,5,1180,67.68,73.43,15.7,14.42,91.9,12.1819,0.218,33.704,0
2016-10-01,43.44,44.3,42.13,2885.85,-2.73,4.227,-5.911,3.86,2.885,0.138,2.111,1.938,1.298,1.665,2.333,17.583,0.1397,0.9844,1.2548,2.0424,4.2816,5.33,80.3,6.9,0,31.737,10.911,5.092,2.547,85.4,0.659,0.202,0.203,0.085,1.583,3.43,Background geopolitical risk,1.0,0.022,0.022,0,0,0,0.053,8.7,1.21,2.63,11.9,25845.0,0.121,0,7.95,110.6,4.08,315.2,-51.8,3.1,0.64,1.35,0,3.3,2.7,5,901,67.11,72.81,15.7,14.16,90.2,11.1074,0.2435,31.743,0
2016-11-01,45.67,46.58,44.3,3076.3,2.23,1.454,5.142,4.494,4.215,0.0,2.285,1.742,1.227,1.754,2.412,19.847,0.1512,0.9995,1.2753,2.0978,4.3726,5.33,82.0,7.1,0,32.151,10.682,5.096,2.555,86.6,0.69,0.201,0.205,0.091,1.583,4.59,Background geopolitical risk,1.0,0.027,0.036,0,0,0,0.058,9.3,1.75,2.83,12.7,24258.0,0.175,0,8.8,122.2,4.63,324.0,-38.3,3.08,0.34,1.35,0,2.74,2.3,5,985,66.61,72.27,15.7,14.51,92.5,12.5376,0.2203,34.357,0
2016-12-01,43.04,43.9,41.75,2894.12,-2.63,1.419,-5.765,4.511,3.61,0.065,2.244,1.567,1.279,1.648,2.328,18.996,0.1488,1.0132,1.2883,2.1211,4.4226,5.33,83.0,7.2,0,31.685,10.655,5.083,2.494,85.8,0.679,0.215,0.206,0.09,1.583,4.5,Background geopolitical risk,1.0,0.02,0.035,0,0,0,0.056,9.2,1.68,3.4,15.3,26926.0,0.168,0,8.15,122.6,5.94,331.1,-47.8,3.06,0.5,1.35,0,3.43,2.8,5,1139,67.33,73.05,15.7,14.34,91.4,12.0,0.2328,33.336,0
2017-01-01,55.64,56.75,53.97,3629.07,12.6,6.648,29.284,4.917,3.595,0.152,1.978,1.633,1.313,1.775,2.264,19.458,0.1507,1.0265,1.301,2.1486,4.4761,5.33,84.0,7.3,0,32.264,10.862,5.231,2.602,86.8,0.658,0.208,0.219,0.091,1.625,5.57,Background geopolitical risk,1.0,0.02,0.041,0,0,0,0.057,8.9,1.38,3.17,14.3,24215.0,0.138,0,7.48,128.5,4.92,354.3,-47.2,2.89,0.64,1.35,0,2.73,2.7,5,1032,65.2,70.74,15.87,14.41,90.8,11.9742,0.23,33.868,0
2017-02-01,56.88,58.01,55.17,3712.44,1.24,7.658,2.222,5.088,4.067,0.475,2.014,1.517,1.1,1.854,2.349,20.159,0.1527,1.0219,1.3133,2.1524,4.4876,5.33,84.2,7.3,0,31.53,10.535,5.051,2.516,96.4,0.654,0.21,0.21,0.087,1.625,3.39,Background geopolitical risk,1.0,0.02,0.037,0,0,0,0.056,9.1,1.57,3.42,15.4,22960.0,0.157,0,7.93,136.5,5.59,350.1,-31.4,3.33,0.22,1.35,0,2.5,1.9,5,1066,64.8,70.31,15.87,14.22,89.6,12.4055,0.2226,34.379,0
2017-03-01,52.62,53.67,51.04,3407.83,-4.25,2.188,-7.478,4.561,3.307,0.56,2.155,1.725,1.354,1.757,2.333,19.343,0.1405,1.0338,1.3282,2.1587,4.5207,5.33,84.8,7.3,0,31.966,10.739,5.126,2.492,94.9,0.638,0.2,0.206,0.082,1.625,1.47,Background geopolitical risk,1.0,0.02,0.039,0,0,0,0.057,8.7,1.17,3.26,14.7,24868.0,0.117,0,7.21,133.5,5.52,357.1,-43.2,2.79,0.62,1.35,0,2.86,2.5,5,1166,65.13,70.67,15.87,13.99,88.2,11.9034,0.2337,33.333,0
2017-04-01,54.94,56.04,53.29,3582.92,2.32,2.129,4.403,4.669,4.821,0.396,2.38,1.636,1.186,1.7,2.331,20.996,0.1515,1.0373,1.3461,2.1959,4.5793,5.33,85.9,7.4,0,32.322,11.115,5.191,2.573,75.6,0.616,0.191,0.206,0.081,1.625,0.81,Background geopolitical risk,1.0,0.02,0.04,0,0,0,0.057,8.4,0.93,2.47,11.1,23001.0,0.093,0,6.95,139.4,7.43,370.3,-44.1,2.99,0.81,1.35,0,4.08,2.9,5,1009,64.91,70.42,15.87,14.3,90.1,12.9206,0.2181,35.296,0
2017-05-01,51.0,52.02,49.47,3327.47,-3.94,1.981,-7.173,3.598,4.655,0.171,2.083,1.566,1.123,1.8,2.338,18.856,0.1511,1.0405,1.3483,2.2142,4.603,5.33,86.4,7.5,0,31.755,10.69,5.187,2.598,81.2,0.588,0.2,0.221,0.08,1.625,3.5,Background geopolitical risk,1.0,0.02,0.031,0,0,0,0.055,8.6,1.15,2.48,11.2,22035.0,0.115,0,7.04,129.4,5.91,355.4,-50.7,3.16,0.32,1.35,0,2.63,1.9,5,1163,65.16,70.7,15.87,14.68,92.4,11.6037,0.2441,33.536,0
2017-06-01,50.67,51.69,49.15,3280.69,-0.33,2.375,-0.639,3.808,3.732,0.445,2.113,1.496,1.267,1.695,2.205,18.476,0.1395,1.0331,1.3534,2.2044,4.5909,5.33,86.1,7.4,0,31.725,10.92,5.135,2.568,97.9,0.593,0.192,0.217,0.077,1.625,4.48,Qatar blockade by Saudi coalition,4.0,0.1,0.08,0,0,0,0.215,8.4,0.86,2.16,9.7,18336.0,0.086,0,7.37,125.5,5.2,359.6,-43.1,3.06,0.37,1.35,0,4.6,3.9,5,1093,65.43,70.99,15.87,14.24,89.7,11.3698,0.2485,32.716,0
2017-07-01,49.5,50.49,48.01,3268.35,-1.18,0.79,-2.323,4.352,4.258,0.473,2.327,1.686,1.184,1.984,2.349,20.34,0.1435,1.0395,1.3555,2.2086,4.6036,5.33,86.4,7.5,0,31.708,10.881,5.09,2.512,91.3,0.592,0.2,0.218,0.077,1.625,4.19,Background geopolitical risk,2.84,0.068,0.059,0,0,0,0.152,8.3,0.8,2.14,9.6,17374.0,0.08,0,7.25,120.4,4.02,359.0,-47.2,2.92,0.7,1.35,0,2.55,1.7,5,1044,65.89,71.49,15.87,14.39,90.6,12.5169,0.2263,34.73,0
2017-08-01,56.03,57.15,54.35,3661.0,6.54,3.484,13.207,4.467,4.019,0.174,2.077,1.649,1.295,1.676,2.316,19.42,0.1487,1.0516,1.3675,2.1901,4.6092,5.33,86.5,7.5,0,31.763,10.719,4.997,2.547,97.0,0.604,0.196,0.22,0.075,1.625,5.06,Background geopolitical risk,2.52,0.05,0.048,0,0,0,0.13,9.0,1.5,2.94,13.2,17733.0,0.15,0,6.83,119.2,4.79,348.7,-47.6,3.52,0.71,1.35,0,3.79,3.3,5,990,64.48,69.96,15.87,14.27,89.9,11.9508,0.2373,33.69,0
2017-09-01,52.47,53.52,50.89,3384.3,-3.57,3.273,-6.365,4.363,4.682,0.0,2.333,1.922,1.094,1.701,2.339,19.957,0.1556,1.063,1.362,2.196,4.621,5.33,86.7,7.5,0,31.704,10.751,5.132,2.495,90.9,0.626,0.201,0.212,0.076,1.625,8.69,Background geopolitical risk,2.26,0.033,0.033,0,0,0,0.11,9.2,1.7,2.27,10.2,15000.0,0.17,0,7.48,117.1,5.92,362.9,-45.8,3.02,0.34,1.35,0,4.25,3.7,5,965,66.17,71.79,15.87,14.44,91.0,12.2812,0.2315,34.397,0
2017-10-01,51.36,52.38,49.82,3360.12,-1.11,2.444,-2.117,4.113,3.385,0.46,2.315,1.93,1.377,1.627,2.338,19.356,0.136,1.0717,1.3586,2.2241,4.6544,5.33,87.3,7.5,0,31.716,10.733,5.004,2.518,95.1,0.699,0.211,0.215,0.085,1.625,0.63,Background geopolitical risk,1.68,0.023,0.02,0,0,0,0.08,8.8,1.29,2.94,13.2,15000.0,0.129,0,6.94,116.6,3.39,371.6,-47.4,2.91,0.23,1.35,0,2.03,1.9,5,952,64.12,69.57,15.87,14.63,92.1,11.9114,0.2405,33.986,0
2017-11-01,57.56,58.71,55.83,3718.87,6.2,3.306,12.074,3.902,4.306,0.161,2.124,1.851,1.352,1.708,2.428,19.414,0.1456,1.0703,1.3634,2.2109,4.6446,5.33,87.1,7.5,0,31.898,10.882,5.098,2.537,92.6,0.709,0.211,0.215,0.097,1.625,1.97,Background geopolitical risk,1.2,0.027,0.02,0,0,0,0.062,8.6,1.05,2.96,13.3,17411.0,0.105,0,6.87,127.1,7.25,353.7,-42.7,3.03,0.13,1.35,0,3.02,2.3,5,1093,65.02,70.55,15.87,14.26,89.8,11.9471,0.2392,33.674,0
2017-12-01,53.55,54.62,51.94,3506.92,-4.01,3.145,-6.968,4.832,4.257,0.152,2.234,1.561,1.404,1.73,2.35,20.424,0.1511,1.073,1.3557,2.1914,4.6201,5.33,86.7,7.5,0,31.666,10.729,5.102,2.546,84.0,0.7,0.217,0.212,0.097,1.625,3.05,Background geopolitical risk,1.03,0.02,0.026,0,0,0,0.055,8.9,1.44,2.96,13.3,15822.0,0.144,0,6.59,124.4,5.52,349.3,-44.3,2.86,0.78,1.35,0,4.27,3.3,5,1028,65.39,70.95,15.87,14.32,90.2,12.5686,0.2262,34.744,0
2018-01-01,74.52,76.01,72.29,5140.49,20.98,11.135,39.174,4.184,3.266,0.0,2.282,1.561,1.49,1.545,2.467,18.578,0.144,1.0754,1.3694,2.1921,4.6369,5.33,87.0,7.5,0,31.848,11.05,5.078,2.559,96.5,0.691,0.225,0.224,0.093,1.692,3.98,Background geopolitical risk,1.0,0.022,0.02,0,0,0,0.053,8.8,1.28,3.42,15.4,15000.0,0.128,0,6.87,135.5,6.38,385.4,-38.8,3.33,0.12,1.35,0,3.48,2.8,5,1009,68.54,74.37,16.05,14.44,89.9,10.9799,0.2496,33.018,0
2018-02-01,68.7,70.07,66.64,4670.81,-5.82,10.828,-7.814,4.499,3.708,0.259,2.191,1.923,1.329,1.772,2.37,19.799,0.1432,1.0616,1.3575,2.2141,4.6332,5.33,86.9,7.5,0,31.977,10.954,5.095,2.537,74.7,0.659,0.209,0.226,0.089,1.692,5.86,Background geopolitical risk,1.0,0.022,0.02,0,0,0,0.053,8.8,1.29,3.3,14.9,17965.0,0.129,0,6.67,141.1,6.8,400.8,-55.0,2.96,0.64,1.35,0,2.77,2.6,5,1160,68.09,73.88,16.05,14.63,91.1,11.7015,0.234,34.429,0
2018-03-01,69.18,70.56,67.1,4765.2,0.48,3.232,0.7,4.712,3.135,0.0,2.313,1.787,1.303,1.763,2.411,19.106,0.148,1.0586,1.3456,2.2035,4.6077,5.33,86.4,7.5,0,31.822,10.804,5.151,2.512,84.3,0.648,0.207,0.224,0.085,1.692,4.42,Background geopolitical risk,1.0,0.02,0.023,0,0,0,0.053,8.4,0.91,2.85,12.8,19291.0,0.091,0,6.69,141.9,4.17,383.3,-53.3,3.21,0.3,1.35,0,2.87,2.3,5,984,68.3,74.1,16.05,14.7,91.6,11.292,0.2412,33.806,0
2018-04-01,71.49,72.92,69.35,4904.82,2.31,1.493,3.343,4.181,4.098,0.053,2.269,1.511,1.427,1.813,2.413,19.678,0.1459,1.0694,1.3565,2.2173,4.6432,5.33,87.1,7.5,0,31.545,10.639,5.162,2.535,89.5,0.648,0.206,0.229,0.086,1.692,3.0,Background geopolitical risk,1.0,0.02,0.02,0,0,0,0.052,8.8,1.28,3.2,14.4,16997.0,0.128,0,6.83,142.8,8.17,392.3,-40.4,3.19,0.69,1.35,0,3.67,2.7,5,1051,68.15,73.95,16.05,14.51,90.4,11.63,0.236,34.188,0
2018-05-01,71.35,72.77,69.21,4909.4,-0.15,1.295,-0.204,5.414,4.517,0.0,2.021,1.677,1.33,1.822,2.37,20.95,0.1608,1.0896,1.3711,2.2288,4.6895,5.33,88.0,7.6,0,32.062,10.869,5.101,2.593,96.4,0.616,0.206,0.218,0.084,1.692,5.09,US withdrawal from Iran JCPOA,6.5,0.3,0.15,0,1,1,0.402,9.3,1.75,3.7,16.6,19045.0,0.175,0,6.86,136.6,4.92,398.3,-46.3,2.99,0.46,1.35,0,2.26,1.9,5,1173,68.11,73.89,16.05,14.6,91.0,12.3818,0.2238,35.55,0
2018-06-01,68.83,70.21,66.77,4773.27,-2.52,1.496,-3.526,4.215,3.714,0.0,2.08,1.572,1.234,1.88,2.365,19.229,0.1453,1.0943,1.3691,2.2281,4.6915,5.33,88.0,7.6,0,31.549,10.826,5.011,2.515,80.0,0.601,0.208,0.228,0.082,1.692,6.08,Background geopolitical risk,5.53,0.229,0.114,0,1,0,0.33,9.3,1.82,3.28,14.8,17359.0,0.182,0,7.37,132.8,6.85,400.0,-44.4,2.77,0.63,1.35,0,2.91,2.1,5,1016,68.82,74.67,16.05,14.54,90.6,11.3647,0.244,33.769,0
2018-07-01,67.71,69.07,65.68,4623.12,-1.12,1.862,-1.626,4.851,4.122,0.073,2.329,1.693,1.347,2.035,2.413,20.815,0.1487,1.0908,1.3721,2.2362,4.6991,5.33,88.2,7.6,0,31.884,10.627,5.152,2.648,81.6,0.606,0.2,0.222,0.08,1.692,1.22,Background geopolitical risk,4.38,0.173,0.087,0,0,0,0.258,9.1,1.63,3.17,14.3,16515.0,0.163,0,6.41,128.1,5.22,384.4,-52.3,2.8,0.94,1.35,0,3.8,3.4,5,919,68.58,74.41,16.05,14.82,92.3,12.302,0.2258,35.635,0
2018-08-01,67.65,69.0,65.62,4601.71,-0.06,0.665,-0.091,4.264,4.023,0.468,2.136,2.056,1.409,1.727,2.456,20.466,0.1387,1.0924,1.3795,2.2451,4.717,5.33,88.5,7.6,0,32.311,11.126,5.151,2.57,91.1,0.632,0.212,0.223,0.079,1.692,3.53,Background geopolitical risk,3.65,0.145,0.075,0,0,0,0.215,9.0,1.53,2.59,11.7,17568.0,0.153,0,6.79,121.7,6.09,400.7,-41.3,2.9,0.63,1.35,0,2.65,1.6,5,1042,68.05,73.84,16.05,14.65,91.2,12.0957,0.2305,35.116,0
2018-09-01,65.8,67.12,63.83,4471.71,-1.85,1.084,-2.728,4.938,3.265,0.093,2.198,1.777,1.403,1.806,2.363,19.689,0.1477,1.0834,1.3868,2.249,4.7192,5.33,88.5,7.7,0,31.194,10.621,5.031,2.482,73.4,0.669,0.216,0.222,0.086,1.692,1.25,Background geopolitical risk,2.6,0.123,0.047,0,0,0,0.159,9.5,2.02,2.04,9.2,18384.0,0.202,0,7.03,119.4,5.49,372.2,-42.1,2.87,0.43,1.35,0,3.24,3.3,5,1078,68.85,74.7,16.05,14.77,92.0,11.6365,0.2397,34.459,0
2018-10-01,69.2,70.58,67.12,4705.08,3.4,1.7,5.162,4.944,4.34,0.365,2.366,1.861,1.337,1.626,2.457,21.121,0.1486,1.0857,1.3829,2.2714,4.74,5.33,88.9,7.7,0,31.956,10.88,5.099,2.579,87.4,0.735,0.216,0.225,0.088,1.692,7.27,"Khashoggi crisis, Saudi pressure",4.5,0.1,0.1,0,0,0,0.24,9.6,2.08,2.78,12.5,15965.0,0.208,0,7.01,123.4,7.11,404.4,-39.3,2.94,0.3,1.35,0,2.97,2.3,5,962,68.55,74.38,16.05,14.81,92.2,12.4829,0.2244,35.931,0
2018-11-01,71.35,72.78,69.21,4877.48,2.15,2.796,3.104,4.786,3.432,0.041,2.404,1.791,1.416,1.8,2.443,20.051,0.1459,1.0736,1.3848,2.243,4.7014,5.33,88.2,7.6,0,31.624,10.785,5.123,2.509,83.5,0.732,0.22,0.224,0.091,1.692,3.9,Background geopolitical risk,3.82,0.091,0.08,0,0,0,0.205,9.1,1.59,2.78,12.5,16876.0,0.159,0,7.06,127.0,5.19,381.5,-46.2,3.02,0.15,1.35,0,4.33,3.5,5,996,68.81,74.65,16.05,14.55,90.6,11.8505,0.2345,34.601,0
2018-12-01,76.24,77.77,73.95,5227.88,4.89,3.608,6.857,4.403,4.128,0.135,2.186,1.755,1.373,1.753,2.511,19.912,0.1472,1.088,1.3926,2.2738,4.7544,5.33,89.2,7.7,0,31.793,10.835,5.006,2.527,93.2,0.759,0.238,0.227,0.098,1.692,1.45,Background geopolitical risk,3.04,0.078,0.051,0,0,0,0.162,9.0,1.53,3.43,15.4,20405.0,0.153,0,7.41,127.2,4.94,394.0,-40.3,2.43,0.36,1.35,0,3.02,2.4,5,1131,68.71,74.56,16.05,14.81,92.3,11.7683,0.2388,34.722,0
2019-01-01,67.86,69.22,65.82,4786.66,-8.38,4.21,-10.994,4.579,3.87,0.422,2.849,2.41,1.543,2.282,0.249,20.473,0.1499,1.0951,1.3881,2.2592,4.7424,5.33,89.0,7.7,0,29.265,9.874,4.594,2.286,78.3,0.72,0.221,0.221,0.099,1.7,2.98,Background geopolitical risk,1.93,0.075,0.041,0,0,0,0.114,9.1,1.59,2.8,12.6,23225.0,0.159,0,4.65,139.6,4.14,410.2,-45.5,9.67,0.66,4.1,0,2.67,2.5,5,1045,69.99,75.93,16.23,14.84,91.4,12.0429,0.2316,35.313,0
2019-02-01,62.19,63.43,60.32,4403.93,-5.67,7.069,-8.353,5.217,3.841,0.416,3.171,2.207,1.651,2.406,0.284,21.377,0.1541,1.0857,1.3708,2.2141,4.6706,5.33,87.6,7.6,0,29.402,9.905,4.68,2.361,85.2,0.656,0.223,0.225,0.09,1.7,1.53,Background geopolitical risk,1.36,0.059,0.036,0,0,0,0.084,8.8,1.31,2.42,10.9,24185.0,0.131,0,4.53,140.8,3.21,415.9,-44.2,9.65,0.38,4.1,0,3.06,2.5,5,1017,70.12,76.08,16.23,14.78,91.1,12.5747,0.2185,36.157,0
2019-03-01,66.31,67.64,64.32,4668.67,4.12,2.93,6.624,4.486,3.969,0.004,2.696,2.116,1.623,2.263,0.217,19.873,0.1561,1.0899,1.37,2.235,4.6949,5.33,88.1,7.6,0,29.676,10.049,4.761,2.374,80.6,0.644,0.211,0.23,0.084,1.7,8.79,Background geopolitical risk,1.01,0.047,0.037,0,0,0,0.066,9.2,1.7,2.49,11.2,25795.0,0.17,0,5.24,142.9,5.51,408.5,-54.4,10.0,0.43,4.1,0,4.84,3.8,5,1007,70.77,76.79,16.23,14.58,89.8,11.69,0.2362,34.453,0
2019-04-01,63.04,64.3,61.15,4483.64,-3.27,2.176,-4.936,4.208,4.612,0.174,2.833,2.373,1.592,2.31,0.214,20.663,0.1548,1.0929,1.3559,2.2301,4.6789,5.33,87.8,7.6,0,29.195,10.02,4.56,2.31,90.7,0.666,0.205,0.232,0.085,1.7,6.14,Background geopolitical risk,1.0,0.043,0.042,0,0,1,0.066,9.0,1.47,2.34,10.5,22549.0,0.147,0,5.32,143.3,5.64,419.7,-49.4,9.57,0.24,4.1,0,2.9,2.8,5,1161,70.71,76.72,16.23,14.94,92.0,12.1547,0.2264,35.603,0
2019-05-01,60.81,62.02,58.98,4272.82,-2.23,2.768,-3.537,4.863,5.358,0.111,2.767,2.184,1.653,2.214,0.266,21.907,0.164,1.1047,1.3813,2.2476,4.7336,5.33,88.8,7.7,0,29.202,9.971,4.629,2.298,96.5,0.599,0.206,0.229,0.083,1.7,1.76,US-Iran tanker tensions escalate,7.0,0.45,0.15,0,1,0,0.475,12.2,4.73,1.91,8.6,23787.0,0.473,1,5.46,140.2,4.79,410.6,-46.8,9.22,0.76,4.1,0,3.08,2.5,5,1184,70.39,76.37,16.23,14.73,90.8,12.8865,0.2161,36.637,0
2019-06-01,67.93,69.29,65.89,4874.74,7.12,3.644,11.715,4.445,3.724,0.278,2.771,2.378,1.733,2.132,0.284,20.297,0.1485,1.1016,1.3852,2.2361,4.7229,5.33,88.6,7.7,0,29.145,9.95,4.636,2.315,96.3,0.613,0.204,0.224,0.081,1.7,3.59,Gulf of Oman tanker attacks,7.5,0.5,0.2,1,1,0,0.525,11.2,3.71,1.98,8.9,25180.0,0.371,0,5.48,129.8,6.71,431.8,-54.9,9.68,0.26,4.1,0,3.92,2.8,5,1177,70.46,76.45,16.23,14.94,92.0,11.9394,0.2327,35.237,0
2019-07-01,68.58,69.95,66.52,4849.31,0.65,4.311,0.952,4.435,3.956,0.25,2.911,2.388,1.918,2.271,0.168,20.378,0.1511,1.1232,1.4003,2.2534,4.7769,5.33,89.6,7.7,0,29.855,10.199,4.767,2.419,80.7,0.618,0.213,0.224,0.078,1.7,4.2,Background geopolitical risk,5.98,0.368,0.152,0,1,0,0.406,12.0,4.52,2.16,9.7,25622.0,0.452,1,5.24,133.1,6.06,432.4,-46.3,9.46,0.76,4.1,0,4.01,3.2,5,1040,71.04,77.08,16.23,14.75,90.9,11.9871,0.2344,35.128,0
2019-08-01,63.73,65.0,61.82,4459.29,-4.85,2.632,-7.068,4.387,4.143,0.477,2.79,2.328,1.719,2.413,0.334,20.807,0.147,1.1139,1.3997,2.2467,4.7603,5.33,89.3,7.7,0,29.614,10.041,4.721,2.338,93.1,0.638,0.213,0.226,0.078,1.7,8.65,Background geopolitical risk,4.95,0.292,0.106,0,0,0,0.327,11.1,3.64,2.55,11.5,24767.0,0.364,0,4.91,121.1,5.64,428.7,-47.7,9.1,0.47,4.1,0,4.49,3.9,5,1177,70.1,76.06,16.23,14.75,90.9,12.2394,0.2288,35.557,0
2019-09-01,60.4,61.61,58.59,4219.96,-3.33,4.111,-5.222,4.52,4.692,0.311,3.152,2.387,1.689,2.359,0.264,21.796,0.1527,1.1173,1.4004,2.2284,4.7461,5.33,89.0,7.7,0,29.455,9.871,4.687,2.395,80.8,0.685,0.215,0.225,0.081,1.7,3.31,Saudi Aramco Abqaiq drone attack,9.0,0.35,0.2,1,1,0,0.532,10.8,3.35,2.52,11.4,22396.0,0.335,0,4.56,126.4,6.18,419.4,-34.4,9.2,0.27,4.1,0,4.33,3.0,5,906,70.67,76.68,16.23,14.27,87.9,12.8212,0.2178,36.066,0
2019-10-01,63.23,64.49,61.33,4466.43,2.83,1.794,4.677,5.029,4.713,0.384,3.089,2.403,1.712,2.32,0.269,22.103,0.1558,1.1326,1.4123,2.2579,4.8028,5.33,90.1,7.8,0,29.677,10.037,4.735,2.373,85.3,0.731,0.212,0.221,0.092,1.7,4.4,Background geopolitical risk,6.83,0.255,0.166,0,1,0,0.404,10.4,2.87,3.1,14.0,21079.0,0.287,0,4.93,125.1,5.6,416.1,-44.8,9.27,0.75,4.1,0,2.4,1.4,5,1115,70.3,76.27,16.23,15.03,92.6,13.0018,0.2173,37.133,0
2019-11-01,66.33,67.65,64.34,4662.09,3.1,2.964,4.905,4.971,3.993,0.214,3.08,2.339,1.738,2.175,0.247,21.165,0.1546,1.1293,1.4099,2.2442,4.7834,5.33,89.7,7.8,0,29.542,10.144,4.657,2.33,71.4,0.723,0.221,0.22,0.095,1.7,5.04,Background geopolitical risk,5.59,0.197,0.139,0,0,0,0.327,10.3,2.8,2.48,11.1,19292.0,0.28,0,4.29,129.7,4.52,410.5,-41.4,9.46,0.61,4.1,0,4.26,3.4,5,1173,70.29,76.27,16.23,14.52,89.5,12.45,0.226,35.685,0
2019-12-01,69.04,70.42,66.97,4884.85,2.71,2.907,4.084,5.88,4.046,0.243,2.933,2.553,1.728,2.344,0.24,22.311,0.161,1.1225,1.4114,2.2562,4.7901,5.33,89.9,7.8,0,29.573,10.031,4.648,2.341,82.5,0.777,0.223,0.217,0.096,1.7,2.63,Background geopolitical risk,4.25,0.142,0.098,0,0,0,0.244,10.4,2.94,2.26,10.2,16036.0,0.294,0,5.53,133.3,4.66,411.6,-50.2,9.5,0.43,4.1,0,3.1,2.4,5,1145,70.95,76.98,16.23,14.69,90.5,13.1241,0.2147,37.001,0
2020-01-01,43.8,44.68,42.49,3256.1,-24.877499999999998,13.848875,-36.553,4.587,3.886,0.372,2.854,2.426,1.734,2.526,0.134,20.84,0.1499,1.1202,1.409,2.2416,4.7708,5.33,89.5,7.7,0,23.341,7.92,3.742,1.888,92.2,0.577,0.18,0.185,0.079,1.4,-17.85,"US kills Soleimani, Iran retaliation",8.5,0.55,0.15,1,1,0,0.57,12.6,5.12,1.74,7.8,18844.0,0.512,1,-6.2,138.6,5.52,463.1,-49.0,9.36,0.59,4.1,0,4.99,4.0,5,912,74.51,80.85,16.41,15.19,92.6,14.8857,0.2289,36.03,0
2020-02-01,44.13,45.02,42.81,3268.72,0.33,13.848875,0.758,5.01,4.581,0.201,2.931,2.694,1.664,2.192,0.233,21.842,0.1573,1.1268,1.4073,2.2617,4.7958,5.33,90.0,7.8,0,24.3,8.278,3.917,1.963,88.9,0.569,0.179,0.182,0.073,1.4,-17.63,Background geopolitical risk,6.93,0.415,0.112,0,1,0,0.45,12.0,4.55,2.35,10.6,20946.0,0.455,1,-6.42,146.4,5.11,443.9,-53.3,9.73,0.56,4.1,0,3.0,2.7,5,1008,74.51,80.84,16.41,14.84,90.4,15.6014,0.2196,36.682,0
2020-03-01,28.73,29.31,27.87,2117.04,-15.4,8.797,-34.893,4.322,4.161,0.248,2.937,2.225,1.9,2.482,0.207,21.178,0.1487,1.1491,1.4279,2.3164,4.8934,5.33,91.8,7.9,0,24.484,8.293,3.984,1.976,83.5,0.541,0.174,0.188,0.075,1.4,-18.03,Background geopolitical risk,5.56,0.319,0.102,0,1,0,0.36,11.2,3.66,2.59,11.6,263177.0,0.366,0,-7.57,148.3,5.53,454.8,-48.5,9.44,0.62,4.1,0,8.47,6.4,5,1030,74.75,81.11,16.41,14.83,90.4,15.1271,0.2311,36.008,0
2020-04-01,19.01,19.39,18.44,1394.2,-9.72,12.669,-33.844,3.098,2.099,0.055,2.265,1.854,1.339,1.853,0.096,14.693,0.148,1.1773,1.4505,2.3718,4.9996,5.33,93.8,8.1,0,17.747,5.945,2.71,1.448,75.8,0.527,0.182,0.184,0.07,1.4,-15.08,COVID-19: global demand collapse,8.0,0.05,0.05,1,0,0,0.35,11.0,3.53,1.96,8.8,248113.0,0.353,0,-6.19,144.7,6.19,456.6,-54.4,9.53,0.56,4.1,0,8.14,6.7,5,1011,74.11,80.41,16.41,10.45,63.7,10.495,0.3403,25.143,0
2020-05-01,30.53,31.14,29.62,2255.55,11.52,6.199,60.611,3.601,3.427,0.211,2.346,1.907,1.411,1.886,0.226,16.865,0.1509,1.2104,1.4719,2.41,5.0923,5.33,95.5,8.3,0,22.288,7.624,3.507,1.803,79.6,0.509,0.169,0.182,0.068,1.4,-12.6,Background geopolitical risk,6.64,0.036,0.035,0,0,0,0.287,10.4,2.91,2.09,9.4,231393.0,0.291,0,-6.25,140.9,4.65,449.4,-48.6,9.47,0.77,4.1,0,8.27,6.7,5,1103,74.44,80.77,16.41,11.28,68.7,12.0464,0.3019,28.145,0
2020-06-01,30.79,31.41,29.87,2294.91,0.26,6.729,0.856,4.005,2.831,0.376,2.181,2.096,1.365,1.683,0.166,16.426,0.1521,1.2366,1.5,2.4576,5.1942,5.33,97.5,8.4,0,22.116,7.462,3.548,1.753,79.5,0.485,0.162,0.184,0.067,1.4,-23.87,Background geopolitical risk,5.39,0.041,0.02,0,0,0,0.235,10.1,2.64,2.45,11.0,213469.0,0.264,0,-6.82,137.3,7.4,450.4,-44.6,9.67,-0.04,4.1,0,3.69,3.1,5,1131,73.94,80.23,16.41,11.29,68.8,11.7329,0.3162,27.716,0
2020-07-01,38.82,39.6,37.66,2880.72,8.03,4.712,26.069,5.299,3.517,0.147,2.767,2.372,1.588,2.282,0.252,20.781,0.1577,1.2423,1.4993,2.4673,5.2089,5.33,97.7,8.4,0,24.161,8.258,3.852,1.948,71.2,0.505,0.17,0.181,0.065,1.4,-19.29,Background geopolitical risk,4.33,0.037,0.027,0,0,0,0.193,9.6,2.06,1.99,9.0,199173.0,0.206,0,-6.65,133.7,6.87,440.4,-44.1,9.27,0.33,4.1,0,2.06,1.7,5,1149,74.26,80.57,16.41,14.9,90.8,14.8436,0.2507,35.681,0
2020-08-01,41.91,42.75,40.65,3079.48,3.09,5.739,7.962,5.103,3.369,0.207,3.057,2.272,1.985,2.534,0.203,21.179,0.1524,1.2409,1.4866,2.4723,5.1998,5.33,97.6,8.4,0,23.817,8.161,3.717,1.932,84.8,0.536,0.17,0.182,0.065,1.4,-15.52,Background geopolitical risk,3.0,0.029,0.029,0,0,0,0.137,9.0,1.5,2.82,12.7,187278.0,0.15,0,-6.51,128.1,6.23,456.9,-49.8,9.4,0.58,4.1,0,2.93,2.3,5,998,74.03,80.33,16.41,14.71,89.6,15.1279,0.2455,35.889,0
2020-09-01,41.4,42.23,40.16,3071.63,-0.51,1.658,-1.209,5.006,2.84,0.177,2.962,2.301,1.811,2.632,0.247,20.342,0.1525,1.2426,1.4896,2.4973,5.2295,5.33,98.1,8.5,0,23.818,8.134,3.826,1.966,90.4,0.577,0.173,0.181,0.069,1.4,-16.49,Background geopolitical risk,2.65,0.031,0.02,0,0,0,0.122,9.1,1.58,3.47,15.6,170877.0,0.158,0,-6.68,123.4,5.66,459.9,-50.4,9.7,0.5,4.1,0,3.6,2.9,5,1193,74.15,80.45,16.41,15.16,92.3,14.53,0.2571,35.502,0
2020-10-01,40.39,41.19,39.18,3000.47,-1.02,0.776,-2.456,5.199,4.57,0.354,3.081,2.36,1.913,2.497,0.26,22.786,0.1533,1.2373,1.4967,2.5,5.234,5.33,98.2,8.5,0,24.026,8.177,3.85,1.933,84.8,0.595,0.177,0.183,0.077,1.4,-21.22,Background geopolitical risk,2.57,0.02,0.02,0,0,0,0.115,9.4,1.92,4.09,18.4,157929.0,0.192,0,-6.46,128.6,7.28,450.7,-49.3,9.7,0.45,4.1,0,3.93,3.2,5,1100,74.4,80.72,16.41,14.67,89.4,16.2757,0.2297,37.456,0
2020-11-01,44.4,45.29,43.07,3270.68,4.02,2.088,9.944,5.449,3.611,0.413,3.109,2.774,1.778,2.637,0.225,22.363,0.152,1.256,1.5,2.5,5.256,5.33,98.6,8.5,0,24.073,7.977,3.879,1.984,96.1,0.603,0.184,0.187,0.081,1.4,-11.8,Background geopolitical risk,2.05,0.03,0.026,0,0,0,0.099,9.0,1.54,3.81,17.1,148491.0,0.154,0,-7.12,132.8,5.78,461.5,-56.4,9.51,0.56,4.1,0,2.85,2.2,5,1182,73.69,79.95,16.41,14.99,91.3,15.9736,0.235,37.353,0
2020-12-01,48.44,49.41,46.99,3593.36,4.04,4.028,9.098,4.694,3.728,0.28,3.165,2.383,1.849,2.683,0.302,21.617,0.1473,1.2585,1.4999,2.5,5.2584,5.33,98.7,8.5,0,24.225,8.237,3.917,1.912,70.3,0.602,0.19,0.185,0.081,1.4,-18.04,Background geopolitical risk,1.33,0.036,0.02,0,0,0,0.071,9.6,2.05,3.85,17.3,137469.0,0.205,0,-6.99,136.7,5.51,465.6,-53.0,9.64,0.52,4.1,0,2.68,2.0,5,907,75.15,81.53,16.41,14.93,91.0,15.4407,0.2433,36.547,0
2021-01-01,71.91,73.35,69.75,5316.27,23.47,13.848875,48.443,4.966,3.957,0.309,2.94,2.436,1.689,2.515,0.249,21.462,0.152,1.2711,1.5,2.5,5.2711,5.33,98.9,8.5,0,26.493,9.044,4.196,2.12,72.1,0.645,0.196,0.211,0.087,1.575,1.73,Background geopolitical risk,1.0,0.023,0.02,0,0,0,0.053,9.1,1.61,3.68,16.6,126502.0,0.161,0,9.03,141.5,5.3,468.8,-52.1,9.34,0.65,4.1,0,3.15,2.4,5,919,73.4,79.64,16.59,15.15,91.3,13.6267,0.2456,36.612,0
2021-02-01,75.51,77.02,73.24,5537.01,3.6,13.848875,5.005,5.745,3.293,0.0,3.134,2.637,2.029,2.434,0.271,22.019,0.1586,1.267,1.4944,2.5,5.2614,5.33,98.7,8.5,0,25.811,8.704,4.099,2.066,77.3,0.629,0.196,0.201,0.086,1.575,2.36,Background geopolitical risk,1.0,0.025,0.035,0,0,0,0.057,8.9,1.41,2.76,12.4,115270.0,0.141,0,8.75,151.0,4.46,487.3,-50.8,9.41,0.56,4.1,0,3.2,2.1,5,1138,73.29,79.52,16.59,14.89,89.7,13.9803,0.2389,36.909,0
2021-03-01,63.95,65.23,62.03,4737.39,-11.56,5.915,-15.308,4.884,4.357,0.315,2.871,2.708,2.003,2.423,0.237,22.358,0.15,1.2733,1.4867,2.4825,5.2425,5.33,98.4,8.5,0,25.845,8.778,4.244,2.012,91.5,0.623,0.195,0.202,0.082,1.575,5.57,Suez Canal blocked (Ever Given),6.0,0.05,0.3,0,0,0,0.333,9.3,1.77,6.83,30.7,110845.0,0.177,0,8.62,151.6,4.57,475.6,-48.6,9.82,0.63,4.1,0,7.61,6.1,5,1162,74.48,80.81,16.59,15.06,90.8,14.1956,0.2345,37.418,0
2021-04-01,71.05,72.48,68.92,5270.87,7.1,5.83,11.109,5.112,3.649,0.117,3.111,2.668,1.923,2.455,0.257,21.355,0.1542,1.2654,1.4874,2.4913,5.2441,5.33,98.4,8.5,0,25.922,8.842,4.198,2.104,77.9,0.574,0.188,0.205,0.077,1.575,4.83,Background geopolitical risk,4.66,0.052,0.236,0,0,0,0.264,9.1,1.63,6.57,29.5,103750.0,0.163,0,8.91,148.4,5.38,465.3,-61.6,9.4,0.3,4.1,0,7.17,6.1,5,1115,74.3,80.61,16.59,15.03,90.6,13.5587,0.2456,36.385,0
2021-05-01,67.72,69.07,65.69,5041.0,-3.34,3.554,-4.697,5.567,3.063,0.164,2.954,2.303,1.989,2.451,0.236,21.218,0.1569,1.2591,1.4793,2.4767,5.2151,5.33,97.8,8.5,0,26.155,8.871,4.184,2.099,85.7,0.564,0.196,0.205,0.079,1.575,3.66,Background geopolitical risk,3.89,0.058,0.179,0,0,0,0.221,9.3,1.79,5.48,24.7,100107.0,0.179,0,9.02,147.9,6.22,486.5,-52.4,9.1,0.53,4.1,0,4.69,3.7,5,1083,74.21,80.52,16.59,15.07,90.9,13.4717,0.2458,36.288,0
2021-06-01,65.65,66.97,63.68,4886.45,-2.06,2.725,-3.047,5.243,3.98,0.027,3.278,2.429,1.722,2.46,0.294,22.064,0.1561,1.2524,1.4582,2.4819,5.1925,5.33,97.4,8.4,0,25.875,8.704,4.142,2.021,73.5,0.561,0.192,0.211,0.075,1.575,6.16,Background geopolitical risk,3.02,0.052,0.138,0,0,0,0.174,9.1,1.57,4.49,20.2,93838.0,0.157,0,9.3,141.0,5.89,473.4,-52.7,9.35,0.49,4.1,0,3.31,2.8,5,926,74.21,80.52,16.59,15.34,92.5,14.0089,0.2353,37.404,0
2021-07-01,66.23,67.55,64.24,4848.73,0.57,1.065,0.876,4.841,3.776,0.171,3.448,2.566,1.925,2.612,0.231,22.041,0.15,1.245,1.4515,2.4619,5.1584,5.33,96.8,8.4,0,26.439,9.034,4.278,2.138,95.4,0.571,0.188,0.205,0.073,1.575,3.48,Background geopolitical risk,2.83,0.035,0.109,0,0,0,0.152,9.4,1.9,3.64,16.4,89315.0,0.19,0,8.75,134.3,3.78,477.7,-47.5,9.34,0.54,4.1,0,3.69,3.1,5,1189,73.89,80.17,16.59,15.2,91.6,13.9943,0.234,37.241,0
2021-08-01,61.43,62.66,59.59,4511.09,-4.8,2.619,-7.242,4.929,3.924,0.214,3.252,2.522,1.959,2.507,0.224,21.747,0.1517,1.2458,1.4318,2.4694,5.147,5.33,96.6,8.3,0,25.81,8.852,4.186,2.048,71.1,0.573,0.192,0.207,0.074,1.575,3.98,Background geopolitical risk,2.54,0.038,0.091,0,0,0,0.138,9.8,2.29,2.92,13.1,83114.0,0.229,0,8.38,132.2,5.42,493.7,-55.9,9.44,0.49,4.1,0,2.02,1.8,5,1066,73.45,79.69,16.59,15.21,91.7,13.8076,0.2367,36.957,0
2021-09-01,66.95,68.29,64.94,4964.91,5.52,2.999,8.982,5.497,4.142,0.37,2.716,2.834,1.876,2.631,0.169,22.847,0.1537,1.2444,1.4459,2.4758,5.1661,5.33,96.9,8.4,0,25.891,8.602,4.123,2.09,94.8,0.628,0.198,0.21,0.077,1.575,3.0,Background geopolitical risk,2.05,0.022,0.08,0,0,0,0.11,9.2,1.66,3.22,14.5,77518.0,0.166,0,9.07,128.9,6.58,479.8,-47.7,9.62,0.24,4.1,0,4.19,3.3,5,1064,73.94,80.22,16.59,15.01,90.5,14.506,0.2261,37.857,0
2021-10-01,69.89,71.29,67.8,5183.03,2.94,4.295,4.394,4.523,3.666,0.508,3.129,2.559,1.982,2.576,0.229,21.751,0.1432,1.2596,1.4623,2.4661,5.188,5.33,97.3,8.4,0,25.933,8.825,4.106,2.097,80.2,0.659,0.198,0.206,0.082,1.575,7.35,Background geopolitical risk,1.84,0.034,0.052,0,0,0,0.098,9.1,1.64,2.86,12.9,73783.0,0.164,0,8.51,130.4,5.62,469.4,-56.1,9.49,0.57,4.1,0,2.35,1.5,5,932,73.56,79.81,16.59,15.0,90.4,13.8102,0.2385,36.751,0
2021-11-01,74.19,75.68,71.97,5502.1,4.3,3.643,6.155,6.263,3.958,0.252,3.322,2.698,2.018,2.596,0.164,24.047,0.1588,1.2619,1.4538,2.4478,5.1635,5.33,96.9,8.4,0,25.966,8.851,4.216,2.095,78.5,0.681,0.196,0.2,0.09,1.575,5.79,Background geopolitical risk,1.47,0.04,0.03,0,0,0,0.08,8.7,1.19,2.29,10.3,65928.0,0.119,0,8.5,135.0,5.04,449.6,-49.7,9.4,0.51,4.1,0,3.53,2.2,5,914,74.39,80.71,16.59,14.97,90.2,15.2679,0.2147,39.017,0
2021-12-01,70.3,71.71,68.19,5330.78,-3.89,2.374,-5.246,4.5,4.147,0.109,3.162,2.587,1.935,2.58,0.303,21.928,0.1486,1.2635,1.4499,2.4315,5.1449,5.33,96.5,8.3,0,25.766,8.882,4.098,2.056,87.0,0.674,0.205,0.2,0.092,1.575,1.01,Background geopolitical risk,1.31,0.025,0.035,0,0,0,0.07,8.6,1.12,1.94,8.7,60341.0,0.112,0,8.38,139.1,5.05,460.5,-50.9,9.49,0.76,4.1,0,4.84,3.7,5,1165,73.83,80.1,16.59,15.13,91.2,13.9225,0.2346,37.058,0
2022-01-01,98.98,100.96,96.01,7946.55,24.5625,13.848875,40.79,4.955,4.487,0.447,2.985,2.625,1.972,2.506,0.291,22.78,0.1489,1.2672,1.4432,2.4298,5.1402,5.33,96.4,8.3,0,28.989,9.819,4.626,2.305,74.2,0.728,0.219,0.223,0.094,1.708,5.48,Background geopolitical risk,1.0,0.02,0.021,0,0,0,0.052,9.2,1.66,2.05,9.2,55859.0,0.166,0,6.72,152.0,5.86,508.8,-50.8,9.44,0.71,4.1,0,3.7,2.8,18,901,79.59,86.35,16.77,14.94,89.1,13.3372,0.2256,37.72,0
2022-02-01,99.34,101.33,96.36,8003.9,0.36,13.848875,0.369,5.151,3.927,0.272,3.012,2.325,2.065,2.456,0.173,21.6,0.1538,1.2638,1.4365,2.4113,5.1116,5.33,95.9,8.3,0,28.562,9.88,4.62,2.265,80.3,0.724,0.206,0.228,0.09,1.708,4.05,Russia invades Ukraine,9.5,0.1,0.1,1,0,0,0.44,9.3,1.84,1.97,8.9,53431.0,0.184,0,7.14,154.6,6.68,505.3,-60.9,9.59,0.42,4.1,0,4.4,3.2,12,1118,79.84,86.63,16.77,15.24,90.9,12.6464,0.2366,36.84,0
2022-03-01,121.79,124.22,118.13,9801.17,22.44,13.065,22.593,4.754,3.361,0.693,3.297,2.413,2.113,2.615,0.207,21.596,0.1437,1.2526,1.413,2.3946,5.0602,5.33,94.9,8.2,0,28.483,9.718,4.602,2.297,80.8,0.679,0.207,0.219,0.086,1.708,5.61,Western sanctions on Russia,9.0,0.1,0.1,1,0,1,0.42,9.7,2.22,2.04,9.2,106563.0,0.222,0,7.71,157.3,5.74,492.6,-54.2,9.92,8.7,8.1,0,4.39,3.3,23,1145,80.21,87.02,16.77,15.37,91.6,12.644,0.2343,36.966,0
2022-04-01,118.82,121.2,115.26,9544.45,-2.97,12.193,-2.436,6.219,3.337,0.276,3.29,2.876,2.021,2.566,0.254,23.476,0.1573,1.2395,1.3894,2.3523,4.9812,5.33,93.5,8.1,0,27.711,9.345,4.432,2.256,71.5,0.644,0.212,0.217,0.082,1.708,4.01,Background geopolitical risk,7.53,0.092,0.086,1,0,0,0.355,9.4,1.86,1.77,8.0,86960.0,0.186,0,6.82,154.0,6.35,499.8,-56.3,9.39,8.14,8.1,0,4.36,3.3,17,1074,79.72,86.49,16.77,15.35,91.5,13.7447,0.2122,38.826,0
2022-05-01,115.18,117.48,111.72,9195.89,-3.65,3.312,-3.069,5.453,4.182,0.614,3.119,2.389,1.849,2.333,0.22,22.513,0.1529,1.2356,1.3658,2.3434,4.9448,5.33,92.8,8.0,0,28.504,9.739,4.547,2.267,83.2,0.608,0.212,0.225,0.082,1.708,5.29,Background geopolitical risk,6.15,0.08,0.066,0,0,0,0.29,9.2,1.68,2.09,9.4,81943.0,0.168,0,6.73,152.3,4.58,521.8,-56.5,9.51,8.27,8.1,0,2.36,1.8,15,1102,79.59,86.35,16.77,15.3,91.2,13.1809,0.2196,37.813,0
2022-06-01,96.69,98.62,93.78,7771.5,-18.49,11.869,-16.054,4.522,4.14,0.884,3.257,2.26,1.772,2.589,0.176,22.061,0.1439,1.2266,1.3522,2.3469,4.9257,5.33,92.4,8.0,0,28.286,9.558,4.501,2.258,89.9,0.603,0.197,0.223,0.082,1.708,5.31,Background geopolitical risk,5.32,0.062,0.062,0,0,0,0.25,9.5,2.05,1.85,8.3,74071.0,0.205,0,7.09,144.0,4.31,516.6,-57.8,9.39,8.42,8.1,0,4.94,4.2,11,1033,80.12,86.93,16.77,15.11,90.1,12.9163,0.2233,37.171,0
2022-07-01,95.24,97.15,92.39,7582.61,-1.44,11.115,-1.492,5.349,3.575,0.767,2.91,2.398,1.898,2.329,0.248,21.958,0.1482,1.2332,1.3666,2.3574,4.9572,5.33,93.0,8.0,0,28.584,9.667,4.531,2.272,91.9,0.633,0.207,0.222,0.079,1.708,2.77,Background geopolitical risk,4.33,0.052,0.039,0,0,0,0.201,9.3,1.79,1.58,7.1,70271.0,0.179,0,7.31,141.0,7.23,504.9,-60.4,9.8,8.24,8.1,0,4.69,3.7,15,971,80.12,86.93,16.77,15.27,91.0,12.856,0.2258,37.228,0
2022-08-01,97.82,99.78,94.89,7814.3,2.58,1.293,2.71,5.35,4.18,1.033,3.12,2.416,1.873,2.535,0.228,23.222,0.1463,1.2212,1.3711,2.3591,4.9514,5.33,92.9,8.0,0,28.481,9.668,4.604,2.358,87.2,0.64,0.214,0.227,0.079,1.708,3.56,Background geopolitical risk,3.55,0.051,0.046,0,0,0,0.171,9.6,2.05,2.07,9.3,63328.0,0.205,0,6.88,132.0,5.97,516.1,-51.7,9.5,8.21,8.1,0,3.01,2.3,9,964,79.75,86.52,16.77,15.42,92.0,13.596,0.2132,38.642,0
2022-09-01,94.74,96.64,91.9,7556.6,-3.08,1.653,-3.147,4.723,3.746,0.696,3.354,2.287,1.786,2.402,0.271,21.692,0.145,1.2237,1.3856,2.3745,4.9838,5.33,93.5,8.1,0,27.598,9.44,4.428,2.178,77.2,0.67,0.221,0.227,0.084,1.708,6.8,Background geopolitical risk,2.76,0.032,0.054,0,0,0,0.135,9.6,2.07,1.78,8.0,61233.0,0.207,0,7.28,135.3,5.19,513.1,-55.2,9.45,8.57,8.1,0,3.83,3.7,18,1182,79.76,86.54,16.77,15.36,91.6,12.7002,0.2298,37.052,0
2022-10-01,105.18,107.28,102.03,8418.77,10.44,5.362,11.015,5.697,3.749,1.026,2.957,2.788,1.731,2.497,0.259,23.231,0.1478,1.2186,1.3761,2.3849,4.9796,5.33,93.4,8.1,0,27.644,9.341,4.41,2.224,77.2,0.713,0.217,0.221,0.091,1.708,3.96,Background geopolitical risk,2.01,0.031,0.058,0,0,0,0.106,9.3,1.78,2.34,10.5,55847.0,0.178,0,7.13,137.5,6.78,506.5,-60.5,9.57,8.24,8.1,0,4.36,4.0,13,1001,80.12,86.93,16.77,15.1,90.1,13.6013,0.2144,38.331,0
2022-11-01,106.52,108.65,103.32,8644.86,1.34,6.447,1.273,4.981,4.03,1.068,3.051,2.603,2.065,2.403,0.159,22.805,0.1429,1.2174,1.3786,2.3882,4.9842,5.33,93.5,8.1,0,29.057,9.831,4.665,2.253,85.2,0.747,0.223,0.224,0.099,1.708,7.27,Background geopolitical risk,1.71,0.023,0.053,0,0,0,0.09,9.7,2.17,3.22,14.5,49454.0,0.217,0,7.42,139.8,5.88,515.7,-57.2,9.42,8.4,8.1,0,3.79,3.2,14,964,79.28,86.01,16.77,15.14,90.3,13.3519,0.2186,37.945,0
2022-12-01,96.94,98.88,94.03,7664.64,-9.58,5.188,-8.994,6.363,3.702,1.386,3.315,2.368,1.895,2.614,0.209,24.273,0.1511,1.2172,1.3938,2.3774,4.9884,5.33,93.6,8.1,0,28.656,9.758,4.682,2.274,91.9,0.753,0.226,0.223,0.103,1.708,5.49,Background geopolitical risk,1.46,0.02,0.036,0,0,0,0.075,9.3,1.77,3.89,17.5,47794.0,0.177,0,6.77,147.8,5.12,521.8,-63.4,9.59,8.55,8.1,1,4.27,3.2,9,1017,79.3,86.04,16.77,15.4,91.8,14.2114,0.2055,39.673,0
2023-01-01,87.74,89.5,85.11,7277.46,-9.2,9.39,-9.489,4.752,3.606,1.321,2.828,2.415,1.73,2.433,0.151,21.694,0.1405,1.2055,1.3885,2.3926,4.9866,5.33,93.6,8.1,0,27.436,9.32,4.298,2.177,82.5,0.735,0.229,0.23,0.098,1.767,1.45,Background geopolitical risk,1.0,0.02,0.023,0,0,0,0.053,9.5,2.0,2.95,13.3,47688.0,0.2,0,8.33,153.8,7.79,530.9,-52.1,9.67,9.03,8.35,0,4.12,3.4,25,976,82.24,89.23,16.95,15.79,93.1,12.2773,0.2299,37.484,0
2023-02-01,87.25,89.0,84.63,7136.55,-0.49,5.458,-0.558,5.471,3.125,1.478,3.203,2.233,1.978,2.457,0.194,22.544,0.1434,1.2037,1.3863,2.3919,4.9819,5.33,93.5,8.1,0,27.659,9.411,4.449,2.219,82.8,0.71,0.22,0.223,0.095,1.767,5.68,Background geopolitical risk,1.0,0.02,0.02,0,0,0,0.052,9.5,2.01,3.26,14.7,44270.0,0.201,0,8.27,156.6,4.37,545.4,-65.0,9.75,9.23,8.35,0,4.43,2.7,32,975,82.49,89.51,16.95,15.34,90.5,12.7583,0.221,37.884,0
2023-03-01,85.51,87.22,82.95,7043.18,-1.74,1.171,-1.992,5.344,4.169,1.506,2.887,2.445,1.674,2.409,0.184,22.927,0.1455,1.2211,1.3971,2.4145,5.0327,5.33,94.4,8.2,0,27.299,9.253,4.406,2.182,90.6,0.669,0.21,0.232,0.09,1.767,0.96,Background geopolitical risk,1.0,0.02,0.028,0,0,0,0.054,9.4,1.93,3.56,16.0,42297.0,0.193,0,8.46,154.9,5.54,530.8,-53.7,9.86,9.08,8.35,0,3.92,3.4,33,1005,82.76,89.79,16.95,15.07,88.9,12.9751,0.2195,37.997,0
2023-04-01,83.41,85.08,80.91,6935.37,-2.1,1.921,-2.455,5.694,4.686,1.519,2.868,2.378,1.94,2.439,0.346,24.354,0.146,1.214,1.4012,2.4158,5.031,5.33,94.4,8.2,0,27.279,9.117,4.304,2.122,86.1,0.67,0.219,0.227,0.086,1.767,2.78,Background geopolitical risk,1.0,0.031,0.028,0,0,0,0.058,9.2,1.68,4.13,18.6,43028.0,0.168,0,8.17,156.5,3.99,567.9,-47.2,9.61,9.17,8.35,0,3.16,2.5,20,1065,83.34,90.42,16.95,15.41,90.9,13.7827,0.2066,39.764,0
2023-05-01,78.96,80.54,76.59,6524.76,-4.45,3.345,-5.337,5.183,3.994,1.451,3.015,2.537,1.919,2.352,0.164,22.77,0.1434,1.2189,1.4127,2.4342,5.0658,5.33,95.0,8.2,0,27.348,9.396,4.337,2.174,70.8,0.664,0.214,0.232,0.088,1.767,9.0,Background geopolitical risk,1.0,0.02,0.032,0,0,0,0.055,9.1,1.62,3.12,14.1,38107.0,0.162,0,7.87,156.0,6.28,537.5,-49.8,9.39,9.16,8.35,0,2.15,1.9,22,980,83.03,90.09,16.95,15.28,90.2,12.8862,0.2225,38.05,0
2023-06-01,80.35,81.96,77.94,6593.64,1.39,2.278,1.759,5.352,3.606,1.111,3.103,2.81,1.826,2.52,0.235,22.984,0.1439,1.2283,1.404,2.4338,5.0661,5.33,95.0,8.2,0,26.871,9.122,4.36,2.139,73.5,0.615,0.211,0.227,0.087,1.767,0.66,Background geopolitical risk,1.24,0.032,0.027,0,0,0,0.067,8.7,1.21,2.63,11.8,38458.0,0.121,0,8.08,150.0,4.44,547.6,-60.5,9.55,9.13,8.35,0,3.21,2.5,18,1134,82.52,89.53,16.95,15.16,89.5,13.0074,0.2204,38.144,0
2023-07-01,80.14,81.75,77.74,6591.17,-0.21,0.749,-0.258,5.568,4.022,1.477,3.1,2.341,1.93,2.424,0.194,23.577,0.1447,1.2398,1.4037,2.454,5.0975,5.33,95.6,8.3,0,26.705,9.0,4.252,2.107,71.9,0.668,0.216,0.231,0.081,1.767,1.1,Background geopolitical risk,1.03,0.041,0.033,0,0,0,0.064,8.4,0.87,3.21,14.5,38899.0,0.087,0,8.22,142.9,4.32,531.4,-45.4,9.51,9.53,8.35,0,4.5,3.4,23,1184,82.59,89.61,16.95,15.65,92.3,13.343,0.2162,39.227,0
2023-08-01,79.4,80.98,77.01,6585.11,-0.75,0.502,-0.932,4.671,4.19,1.439,3.221,2.518,1.832,2.528,0.302,23.23,0.1379,1.2373,1.4129,2.4535,5.1037,5.33,95.8,8.3,0,27.22,9.141,4.31,2.179,78.8,0.664,0.221,0.233,0.081,1.767,5.38,Background geopolitical risk,1.32,0.03,0.044,0,0,0,0.074,8.2,0.65,2.71,12.2,35038.0,0.065,0,8.27,140.6,6.45,552.7,-62.2,9.73,8.52,8.35,0,4.19,3.0,25,1048,82.1,89.08,16.95,15.39,90.8,13.1466,0.2197,38.62,0
2023-09-01,82.1,83.74,79.63,6751.21,2.7,1.394,3.401,5.136,3.529,1.284,3.019,2.36,1.82,2.457,0.259,22.305,0.1418,1.2435,1.4061,2.466,5.1156,5.33,96.0,8.3,0,27.046,9.162,4.326,2.2,82.5,0.727,0.224,0.234,0.087,1.767,0.09,Background geopolitical risk,1.0,0.033,0.024,0,0,0,0.058,8.4,0.93,2.44,11.0,30439.0,0.093,0,7.73,138.4,7.42,543.0,-57.1,9.57,8.99,8.35,0,2.45,1.7,18,975,82.59,89.61,16.95,15.44,91.1,12.6231,0.2293,37.745,0
2023-10-01,85.01,86.71,82.46,7031.04,2.91,2.808,3.549,5.385,4.226,1.15,2.93,2.435,1.722,2.517,0.31,23.315,0.1454,1.2484,1.3997,2.4925,5.1406,5.33,96.4,8.3,0,27.27,9.365,4.418,2.23,79.3,0.737,0.226,0.227,0.097,1.767,2.55,Hamas-Israel conflict begins,8.0,0.25,0.4,1,1,0,0.507,9.0,1.52,2.95,13.3,32008.0,0.152,0,8.3,138.1,6.73,548.1,-54.7,9.43,8.65,8.35,0,4.59,4.2,23,1042,82.46,89.46,16.95,15.47,91.3,13.1947,0.2205,38.785,0
2023-11-01,90.22,92.02,87.51,7453.85,5.21,4.113,6.123,5.046,4.948,1.472,3.027,2.37,1.816,2.423,0.242,23.832,0.1449,1.2476,1.3963,2.5,5.1439,5.33,96.5,8.3,0,27.282,9.295,4.463,2.163,84.1,0.758,0.217,0.239,0.098,1.767,0.51,Houthi Red Sea attacks begin,8.5,0.2,0.65,1,0,0,0.573,8.8,1.27,11.09,49.9,61950.0,0.127,0,8.22,143.0,4.44,561.2,-58.6,9.47,8.81,8.35,0,3.87,3.0,25,973,82.76,89.8,16.95,15.74,92.9,13.4873,0.2158,39.572,0
2023-12-01,87.03,88.78,84.42,7160.7,-3.18,2.624,-3.526,5.166,4.43,1.631,3.227,2.245,1.595,2.561,0.166,23.454,0.1445,1.2424,1.3912,2.5,5.1336,5.33,96.3,8.3,0,26.832,9.007,4.251,2.143,91.5,0.788,0.233,0.234,0.103,1.767,4.44,Background geopolitical risk,7.01,0.142,0.478,1,0,0,0.45,9.3,1.75,11.25,50.6,82331.0,0.175,0,8.92,148.2,6.25,517.6,-59.3,9.34,8.96,8.35,1,4.57,3.8,19,1090,82.19,89.17,16.95,15.21,89.7,13.2733,0.2189,38.664,0
2024-01-01,83.64,85.32,81.13,7107.39,-3.39,3.286,-3.896,4.59,3.32,1.537,3.205,2.386,1.595,2.418,0.254,21.557,0.1376,1.2381,1.3922,2.5,5.1303,5.33,96.3,8.3,0,26.892,9.061,4.317,2.133,82.2,0.734,0.232,0.244,0.103,1.817,-1.11,US/UK strike Houthi targets,7.5,0.2,0.7,1,0,0,0.545,9.5,2.01,13.7,61.6,80331.0,0.201,1,7.96,155.5,7.24,565.4,-56.9,9.46,9.03,8.35,0,2.03,1.7,31,1197,84.16,91.31,17.13,15.74,91.9,11.8641,0.238,37.297,0
2024-02-01,82.41,84.06,79.94,6940.48,-1.23,2.394,-1.473,5.278,4.222,1.546,3.115,2.332,1.978,2.462,0.234,23.505,0.1425,1.2306,1.3885,2.5,5.1191,5.33,96.0,8.3,0,26.867,9.174,4.208,2.126,83.1,0.729,0.228,0.242,0.096,1.817,3.8,Background geopolitical risk,5.7,0.154,0.525,0,0,0,0.413,9.7,2.23,14.44,65.0,73163.0,0.223,1,8.73,159.7,3.12,554.1,-53.1,9.55,9.06,8.35,0,4.62,3.4,29,931,84.67,91.86,17.13,15.73,91.9,12.9362,0.2178,39.235,0
2024-03-01,76.7,78.24,74.4,6357.72,-5.71,3.703,-6.927,4.976,3.797,1.436,3.361,2.277,1.701,2.63,0.225,22.786,0.1411,1.2193,1.3909,2.5,5.1102,5.33,95.9,8.3,0,26.889,9.064,4.31,2.131,96.4,0.708,0.231,0.236,0.091,1.817,5.41,Background geopolitical risk,4.23,0.11,0.404,0,0,0,0.309,9.9,2.37,10.26,46.2,68585.0,0.237,0,8.18,159.9,6.52,549.5,-65.4,9.32,9.12,8.35,0,2.72,2.2,29,1140,83.85,90.97,17.13,15.26,89.1,12.5405,0.2243,38.046,0
2024-04-01,79.93,81.53,77.54,6713.89,3.23,2.863,4.212,5.728,3.945,1.739,3.212,2.415,2.082,2.428,0.273,24.357,0.1421,1.2262,1.4017,2.5,5.1279,5.33,96.2,8.3,0,26.37,9.078,4.238,2.12,97.9,0.71,0.218,0.238,0.091,1.817,0.51,Iran direct attack on Israel,8.0,0.4,0.55,1,1,0,0.597,10.0,2.51,14.39,64.7,62480.0,0.251,1,8.23,159.3,4.97,548.8,-60.2,9.57,8.87,8.35,0,3.77,3.2,36,1194,84.1,91.25,17.13,15.49,90.5,13.4051,0.2105,39.847,0
2024-05-01,78.65,80.22,76.29,6572.76,-1.28,1.627,-1.605,5.87,5.038,1.473,3.004,2.563,1.803,2.695,0.243,25.128,0.1491,1.2278,1.4063,2.5,5.1341,5.33,96.3,8.3,0,26.53,8.924,4.299,2.137,71.1,0.659,0.227,0.247,0.088,1.817,2.39,Background geopolitical risk,6.32,0.305,0.409,0,1,0,0.462,9.3,1.81,11.27,50.7,61170.0,0.181,0,8.38,156.4,6.29,574.7,-52.7,9.72,8.99,8.35,0,4.92,4.0,42,1127,84.25,91.41,17.13,15.56,90.8,13.8294,0.2043,40.688,0
2024-06-01,83.56,85.23,81.05,7046.3,4.91,2.546,6.242,5.323,3.592,1.326,3.304,2.401,1.77,2.553,0.296,23.171,0.1419,1.222,1.4065,2.5,5.1285,5.33,96.2,8.3,0,27.054,9.307,4.306,2.22,88.0,0.659,0.218,0.246,0.087,1.817,1.13,Background geopolitical risk,5.22,0.221,0.301,0,0,0,0.362,9.3,1.78,16.11,72.5,57408.0,0.178,1,8.42,154.9,5.84,558.5,-65.6,9.83,8.82,8.35,0,4.43,3.2,45,1196,83.7,90.81,17.13,15.71,91.7,12.7523,0.2213,38.881,0
2024-07-01,76.52,78.05,74.22,6389.63,-7.04,3.611,-8.426,5.739,3.897,1.261,3.356,2.456,1.853,2.637,0.265,24.037,0.1455,1.2328,1.4006,2.4811,5.1145,5.33,96.0,8.3,0,26.879,8.944,4.283,2.191,73.5,0.669,0.223,0.232,0.089,1.817,4.04,Background geopolitical risk,3.84,0.158,0.24,0,0,0,0.269,8.9,1.41,13.5,60.7,53593.0,0.141,1,8.59,146.5,4.63,558.7,-65.7,9.69,8.92,8.35,0,3.87,3.1,34,900,84.01,91.15,17.13,15.81,92.3,13.2289,0.2128,39.847,0
2024-08-01,78.16,79.72,75.81,6552.79,1.64,3.685,2.139,6.335,3.962,1.617,3.146,2.55,2.035,2.56,0.265,25.14,0.1467,1.2327,1.3969,2.48,5.1096,5.33,95.9,8.3,0,26.46,8.964,4.239,2.125,88.8,0.684,0.229,0.242,0.083,1.817,1.01,Background geopolitical risk,3.24,0.13,0.19,0,0,0,0.223,8.7,1.15,11.81,53.2,51335.0,0.115,0,8.31,139.4,5.14,564.2,-52.1,9.29,8.97,8.35,0,2.73,2.5,40,1001,83.91,91.04,17.13,15.78,92.1,13.836,0.2032,40.92,0
2024-09-01,78.41,79.98,76.06,6598.67,0.26,1.027,0.329,5.081,3.873,1.324,2.849,2.823,1.776,2.493,0.225,23.004,0.141,1.2376,1.386,2.4654,5.089,5.33,95.5,8.3,0,26.634,9.125,4.32,2.121,71.4,0.75,0.225,0.234,0.09,1.817,5.05,Background geopolitical risk,2.75,0.102,0.152,0,0,0,0.184,9.0,1.47,16.82,75.7,47033.0,0.147,1,8.01,144.5,4.77,569.7,-68.8,9.85,9.14,8.35,0,4.69,4.3,32,1152,83.95,91.08,17.13,15.7,91.7,12.6604,0.2212,38.704,0
2024-10-01,77.08,78.62,74.77,6500.24,-1.33,0.708,-1.702,5.682,4.732,1.396,3.125,2.563,1.865,2.681,0.264,24.939,0.1457,1.2328,1.3716,2.4699,5.0743,5.33,95.2,8.2,0,27.004,9.16,4.38,2.1,75.3,0.762,0.228,0.239,0.096,1.817,-0.17,Background geopolitical risk,2.22,0.09,0.119,0,0,0,0.15,9.1,1.62,10.72,48.2,45513.0,0.162,0,8.56,144.2,5.47,561.8,-54.7,9.48,9.18,8.35,0,2.3,1.6,42,1106,83.51,90.61,17.13,15.61,91.1,13.7254,0.2035,40.549,0
2024-11-01,84.36,86.04,81.83,7026.93,7.28,3.875,9.443,5.617,4.898,1.514,2.962,2.585,1.829,2.473,0.269,24.858,0.1459,1.2297,1.3657,2.4713,5.0667,5.33,95.1,8.2,0,27.145,9.259,4.407,2.137,90.8,0.805,0.238,0.236,0.102,1.817,3.15,Background geopolitical risk,1.7,0.068,0.087,0,0,0,0.114,9.4,1.93,12.93,58.2,77692.0,0.193,1,8.32,146.8,4.65,569.0,-61.8,9.73,8.91,8.35,0,2.49,1.7,37,1157,83.91,91.04,17.13,15.66,91.5,13.6808,0.2038,40.518,0
2024-12-01,84.48,86.17,81.94,7073.57,0.12,4.238,0.143,5.307,4.474,1.745,3.199,2.921,1.955,2.355,0.278,24.822,0.1398,1.2426,1.3433,2.4719,5.0578,5.33,94.9,8.2,0,27.355,9.195,4.408,2.178,73.0,0.811,0.239,0.242,0.105,1.817,1.57,Background geopolitical risk,1.63,0.067,0.066,0,0,0,0.105,9.3,1.85,14.52,65.3,77500.0,0.185,1,7.73,149.4,6.49,564.9,-58.6,9.17,9.02,8.35,1,3.65,2.9,33,928,84.15,91.3,17.13,15.85,92.5,13.661,0.2038,40.672,0
2025-01-01,76.98,78.52,74.67,6486.33,-7.5,4.296,-8.878,5.952,4.666,1.472,2.986,2.505,1.817,2.478,0.27,24.933,0.1477,1.2372,1.3432,2.4756,5.056,5.33,94.9,8.2,0,27.297,9.409,4.432,2.209,96.8,0.733,0.237,0.245,0.104,1.85,3.44,Background geopolitical risk,1.51,0.063,0.056,0,0,0,0.097,8.8,1.3,11.25,50.6,72868.0,0.13,0,7.59,158.5,4.6,599.5,-61.9,9.77,9.01,8.35,0,3.87,2.9,41,1076,85.23,92.47,17.31,15.52,89.7,13.4773,0.2028,40.453,0
2025-02-01,72.32,73.77,70.15,6087.8,-4.65,6.132,-6.045,5.516,3.74,1.563,3.356,2.45,1.893,2.543,0.202,23.9,0.1421,1.2281,1.3482,2.4351,5.0114,5.33,94.0,8.1,0,27.516,9.363,4.38,2.177,75.9,0.754,0.24,0.241,0.099,1.85,4.73,Background geopolitical risk,1.22,0.053,0.05,0,0,0,0.08,8.8,1.26,9.12,41.0,65973.0,0.126,0,7.26,162.9,7.01,615.0,-59.2,9.63,9.02,8.35,0,4.32,3.3,40,1162,84.98,92.2,17.31,15.69,90.7,12.9189,0.2097,39.59,0
2025-03-01,77.01,78.55,74.7,6575.07,4.68,2.695,6.474,5.269,4.557,1.366,3.118,2.655,1.873,2.719,0.222,24.358,0.1429,1.2328,1.3654,2.4408,5.039,5.33,94.5,8.2,0,27.326,9.233,4.416,2.198,91.1,0.711,0.232,0.244,0.094,1.85,1.92,OPEC+ production cut extension,5.0,0.15,0.3,0,0,0,0.328,9.1,1.64,7.06,31.8,62698.0,0.164,0,7.26,164.0,4.7,608.4,-46.4,9.51,9.34,8.35,0,2.24,1.7,41,1087,85.58,92.85,17.31,15.5,89.6,13.1665,0.2069,39.858,0
2025-04-01,68.5,69.87,66.44,5801.73,-8.51,4.263,-11.053,5.807,3.647,1.238,2.961,2.741,1.859,2.808,0.214,23.854,0.1456,1.2269,1.3623,2.4644,5.0536,5.33,94.8,8.2,0,27.703,9.368,4.34,2.215,77.1,0.702,0.225,0.242,0.091,1.85,3.36,Background geopolitical risk,4.21,0.125,0.244,0,0,0,0.273,8.8,1.28,5.76,25.9,56500.0,0.128,0,7.02,164.5,6.57,607.0,-55.2,9.94,8.85,8.35,0,3.2,2.9,38,1034,84.12,91.27,17.31,15.57,90.0,12.8941,0.2119,39.424,0
2025-05-01,71.97,73.41,69.81,6035.85,3.47,4.28,5.069,6.123,5.368,1.815,3.378,2.711,1.977,2.635,0.215,26.655,0.148,1.2165,1.3599,2.4779,5.0543,5.33,94.8,8.2,0,27.136,9.264,4.376,2.191,72.6,0.688,0.224,0.245,0.093,1.85,1.39,Background geopolitical risk,3.37,0.102,0.187,0,0,0,0.218,8.6,1.09,5.2,23.4,50429.0,0.109,0,7.17,159.3,6.94,600.9,-70.3,9.62,8.69,8.35,0,3.02,2.5,41,1007,84.94,92.16,17.31,15.9,91.9,14.4081,0.1896,42.555,0
2025-06-01,74.88,76.38,72.63,6361.56,2.91,3.195,4.045,5.361,4.289,1.441,3.307,2.706,1.931,2.71,0.186,24.463,0.142,1.2266,1.37,2.4927,5.0893,5.33,95.5,8.3,0,26.919,9.288,4.289,2.17,89.1,0.664,0.22,0.244,0.086,1.85,5.18,Background geopolitical risk,2.84,0.069,0.154,0,0,0,0.176,8.7,1.22,3.94,17.7,48879.0,0.122,0,7.78,153.9,3.63,589.4,-65.0,9.57,8.9,8.35,0,4.18,3.7,53,1095,84.59,91.78,17.31,15.95,92.1,13.2232,0.208,40.413,0
