date,Vizag_inventory_kmt,Mangaluru_inventory_kmt,Padur_inventory_kmt,total_spr_kmt
2023-07-16,1197.0,1350.0,2250.0,4797.0
2023-07-17,1197.2,1353.3,2251.7,4802.2
2023-07-18,1198.9,1362.3,2266.0,4827.2
2023-07-19,1196.3,1360.2,2269.7,4826.2
2023-07-20,1194.9,1356.6,2274.9,4826.4
2023-07-21,1186.5,1353.5,2258.8,4798.8
2023-07-22,1169.2,1361.1,2265.5,4795.8
2023-07-23,1171.1,1359.0,2264.4,4794.5
2023-07-24,1165.3,1356.6,2270.6,4792.5
2023-07-25,1167.9,1350.7,2285.4,4804.0
2023-07-26,1174.2,1335.4,2303.9,4813.5
2023-07-27,1174.0,1334.8,2298.4,4807.200000000001
2023-07-28,1175.8,1343.5,2312.1,4831.4
2023-07-29,1166.0,1343.7,2329.1,4838.799999999999
2023-07-30,1171.3,1338.3,2304.5,4814.1
2023-07-31,1159.7,1338.0,2296.3,4794.0
2023-08-01,1156.4,1334.5,2302.8,4793.700000000001
2023-08-02,1149.7,1318.7,2297.2,4765.6
2023-08-03,1149.8,1305.7,2280.3,4735.8
2023-08-04,1149.0,1304.4,2298.4,4751.8
2023-08-05,1138.7,1312.6,2296.2,4747.5
2023-08-06,1134.7,1319.0,2301.2,4754.9
2023-08-07,1125.4,1321.5,2295.7,4742.6
2023-08-08,1121.3,1312.8,2302.0,4736.1
2023-08-09,1123.5,1303.8,2299.4,4726.700000000001
2023-08-10,1113.2,1311.5,2306.2,4730.9
2023-08-11,1124.3,1307.6,2328.9,4760.799999999999
2023-08-12,1121.0,1304.2,2337.4,4762.6
2023-08-13,1125.5,1307.2,2337.8,4770.5
2023-08-14,1140.4,1303.4,2344.5,4788.3
2023-08-15,1129.4,1302.6,2334.0,4766.0
2023-08-16,1126.3,1287.4,2338.5,4752.2
2023-08-17,1124.3,1298.3,2337.9,4760.5
2023-08-18,1118.1,1290.3,2318.6,4727.0
2023-08-19,1125.5,1285.0,2323.1,4733.6
2023-08-20,1124.2,1299.3,2326.0,4749.5
2023-08-21,1132.7,1304.3,2341.0,4778.0
2023-08-22,1129.0,1320.5,2338.3,4787.8
2023-08-23,1131.4,1326.6,2341.9,4799.9
2023-08-24,1128.5,1324.4,2355.6,4808.5
2023-08-25,1125.6,1329.0,2359.8,4814.4
2023-08-26,1127.1,1332.2,2353.7,4813.0
2023-08-27,1131.0,1339.9,2364.4,4835.3
2023-08-28,1125.3,1340.8,2364.1,4830.2
2023-08-29,1119.7,1345.9,2383.0,4848.6
2023-08-30,1115.4,1341.2,2375.6,4832.200000000001
2023-08-31,1114.4,1350.4,2386.8,4851.6
2023-09-01,1105.0,1352.1,2382.1,4839.2
2023-09-02,1103.2,1349.9,2377.5,4830.6
2023-09-03,1110.7,1352.4,2378.5,4841.6
2023-09-04,1101.8,1352.7,2367.4,4821.9
2023-09-05,1100.1,1369.5,2374.8,4844.4
2023-09-06,1111.9,1368.3,2363.2,4843.4
2023-09-07,1107.9,1370.7,2352.0,4830.6
2023-09-08,1101.9,1356.2,2319.8,4777.900000000001
2023-09-09,1103.7,1356.9,2312.4,4773.0
2023-09-10,1103.7,1350.4,2307.1,4761.200000000001
2023-09-11,1109.3,1345.6,2315.9,4770.799999999999
2023-09-12,1098.8,1351.7,2339.5,4790.0
2023-09-13,1099.1,1341.7,2319.8,4760.6
2023-09-14,1099.8,1351.2,2337.3,4788.3
2023-09-15,1099.2,1360.1,2347.2,4806.5
2023-09-16,1094.5,1360.8,2349.0,4804.3
2023-09-17,1095.9,1367.8,2392.0,4855.7
2023-09-18,1103.9,1363.8,2380.3,4848.0
2023-09-19,1104.4,1381.8,2384.7,4870.9
2023-09-20,1105.5,1377.4,2393.7,4876.6
2023-09-21,1108.0,1388.3,2391.8,4888.1
2023-09-22,1106.5,1394.0,2403.7,4904.2
2023-09-23,1102.0,1401.1,2421.3,4924.4
2023-09-24,1104.1,1394.7,2417.8,4916.6
2023-09-25,1114.0,1403.1,2403.7,4920.799999999999
2023-09-26,1118.3,1406.4,2400.8,4925.5
2023-09-27,1116.8,1409.1,2400.2,4926.099999999999
2023-09-28,1124.6,1410.4,2396.3,4931.3
2023-09-29,1130.8,1411.9,2388.5,4931.2
2023-09-30,1138.9,1413.6,2389.1,4941.6
2023-10-01,1126.3,1412.9,2377.5,4916.7
2023-10-02,1127.8,1414.3,2372.0,4914.1
2023-10-03,1139.9,1412.7,2395.4,4948.0
2023-10-04,1151.5,1397.2,2400.1,4948.799999999999
2023-10-05,1151.1,1398.5,2404.6,4954.2
2023-10-06,1147.2,1402.2,2410.4,4959.8
2023-10-07,1141.7,1404.5,2397.0,4943.2
2023-10-08,1141.3,1396.1,2409.2,4946.599999999999
2023-10-09,1140.8,1398.9,2403.7,4943.4
2023-10-10,1143.6,1403.8,2395.8,4943.2
2023-10-11,1142.3,1414.9,2394.1,4951.299999999999
2023-10-12,1137.9,1412.6,2380.7,4931.2
2023-10-13,1136.3,1408.7,2382.5,4927.5
2023-10-14,1134.9,1398.2,2375.3,4908.400000000001
2023-10-15,1131.5,1391.1,2391.8,4914.4
2023-10-16,1122.0,1403.6,2377.8,4903.4
2023-10-17,1120.6,1401.1,2381.8,4903.5
2023-10-18,1116.8,1392.0,2379.5,4888.3
2023-10-19,1114.5,1399.7,2373.1,4887.299999999999
2023-10-20,1107.7,1395.0,2384.8,4887.5
2023-10-21,1111.6,1383.7,2377.2,4872.5
2023-10-22,1114.0,1376.9,2388.6,4879.5
2023-10-23,1098.0,1386.9,2377.2,4862.1
2023-10-24,1104.4,1383.5,2391.9,4879.8
2023-10-25,1105.1,1384.8,2380.4,4870.299999999999
2023-10-26,1107.9,1386.6,2383.7,4878.2
2023-10-27,1111.9,1395.6,2385.5,4893.0
2023-10-28,1116.8,1400.6,2395.9,4913.299999999999
2023-10-29,1108.8,1409.3,2387.0,4905.1
2023-10-30,1118.9,1398.2,2389.6,4906.700000000001
2023-10-31,1114.3,1409.4,2392.9,4916.6
2023-11-01,1112.1,1418.4,2415.7,4946.2
2023-11-02,1117.3,1427.5,2397.8,4942.6
2023-11-03,1106.1,1423.4,2410.4,4939.9
2023-11-04,1115.5,1422.7,2404.5,4942.7
2023-11-05,1111.3,1423.8,2397.1,4932.2
2023-11-06,1107.9,1415.8,2401.8,4925.5
2023-11-07,1124.2,1406.5,2407.0,4937.7
2023-11-08,1113.6,1391.0,2421.3,4925.9
2023-11-09,1101.6,1386.2,2416.4,4904.200000000001
2023-11-10,1104.2,1404.5,2416.5,4925.2
2023-11-11,1097.3,1391.1,2425.9,4914.299999999999
2023-11-12,1091.0,1404.8,2422.5,4918.3
2023-11-13,1089.6,1410.0,2424.6,4924.2
2023-11-14,1091.7,1395.5,2436.9,4924.1
2023-11-15,1090.1,1402.8,2453.7,4946.599999999999
2023-11-16,1093.8,1401.5,2451.3,4946.6
2023-11-17,1084.6,1391.8,2460.9,4937.299999999999
2023-11-18,1093.7,1403.1,2481.9,4978.700000000001
2023-11-19,1081.7,1394.7,2479.5,4955.9
2023-11-20,1082.6,1389.3,2500.0,4971.9
2023-11-21,1094.3,1390.5,2500.0,4984.8
2023-11-22,1090.7,1398.8,2500.0,4989.5
2023-11-23,1097.2,1412.2,2500.0,5009.4
2023-11-24,1090.2,1412.3,2500.0,5002.5
2023-11-25,1081.1,1416.4,2499.1,4996.6
2023-11-26,1068.8,1413.6,2493.8,4976.2
2023-11-27,1065.4,1402.2,2470.1,4937.700000000001
2023-11-28,1076.2,1402.9,2461.0,4940.1
2023-11-29,1078.4,1400.9,2458.9,4938.200000000001
2023-11-30,1083.0,1396.9,2449.7,4929.6
2023-12-01,1102.9,1401.0,2474.1,4978.0
2023-12-02,1104.4,1395.5,2471.7,4971.6
2023-12-03,1102.6,1388.0,2468.7,4959.299999999999
2023-12-04,1104.1,1383.7,2466.4,4954.200000000001
2023-12-05,1110.7,1368.9,2474.8,4954.400000000001
2023-12-06,1110.8,1370.8,2488.3,4969.9
2023-12-07,1113.0,1379.3,2487.7,4980.0
2023-12-08,1111.1,1374.0,2495.0,4980.1
2023-12-09,1110.5,1373.9,2500.0,4984.4
2023-12-10,1120.3,1390.2,2483.6,4994.1
2023-12-11,1117.2,1391.9,2500.0,5009.1
2023-12-12,1119.3,1388.6,2500.0,5007.9
2023-12-13,1118.2,1387.8,2499.2,5005.2
2023-12-14,1119.5,1393.9,2500.0,5013.4
2023-12-15,1113.6,1403.0,2497.2,5013.799999999999
2023-12-16,1114.9,1400.7,2500.0,5015.6
2023-12-17,1114.7,1392.8,2500.0,5007.5
2023-12-18,1120.9,1372.5,2497.7,4991.1
2023-12-19,1118.9,1368.6,2478.9,4966.4
2023-12-20,1125.8,1361.9,2492.1,4979.799999999999
2023-12-21,1135.3,1351.5,2500.0,4986.8
2023-12-22,1137.9,1356.6,2487.9,4982.4
2023-12-23,1138.8,1357.5,2481.5,4977.8
2023-12-24,1140.6,1357.6,2490.0,4988.2
2023-12-25,1146.3,1354.3,2500.0,5000.6
2023-12-26,1145.6,1368.2,2500.0,5013.8
2023-12-27,1153.7,1374.3,2500.0,5028.0
2023-12-28,1161.0,1366.2,2500.0,5027.2
2023-12-29,1161.8,1373.3,2493.8,5028.9
2023-12-30,1159.2,1364.9,2500.0,5024.1
2023-12-31,1167.9,1362.5,2500.0,5030.4
2024-01-01,1161.7,1362.4,2500.0,5024.1
2024-01-02,1157.8,1350.7,2500.0,5008.5
2024-01-03,1150.2,1341.9,2495.3,4987.400000000001
2024-01-04,1146.8,1352.6,2489.5,4988.9
2024-01-05,1154.2,1355.8,2489.5,4999.5
2024-01-06,1157.8,1364.2,2500.0,5022.0
2024-01-07,1159.1,1356.5,2500.0,5015.6
2024-01-08,1162.3,1345.4,2497.3,5005.0
2024-01-09,1171.0,1339.0,2476.4,4986.4
2024-01-10,1168.2,1353.5,2464.4,4986.1
2024-01-11,1171.3,1358.5,2455.1,4984.9
2024-01-12,1174.7,1370.5,2471.4,5016.6
2024-01-13,1173.5,1363.5,2464.8,5001.8
2024-01-14,1168.2,1351.3,2433.8,4953.3
2024-01-15,1158.7,1349.7,2408.4,4916.8
2024-01-16,1149.6,1355.5,2412.0,4917.1
2024-01-17,1146.2,1342.2,2396.4,4884.8
2024-01-18,1150.9,1332.4,2391.3,4874.6
2024-01-19,1153.8,1317.3,2402.2,4873.299999999999
2024-01-20,1165.0,1327.2,2399.7,4891.9
2024-01-21,1162.9,1326.3,2413.3,4902.5
2024-01-22,1168.7,1324.8,2423.7,4917.2
2024-01-23,1162.5,1315.3,2416.6,4894.4
2024-01-24,1168.5,1318.8,2419.1,4906.4
2024-01-25,1169.0,1330.7,2410.2,4909.9
2024-01-26,1176.9,1325.5,2410.8,4913.200000000001
2024-01-27,1177.3,1325.1,2416.9,4919.299999999999
2024-01-28,1161.2,1331.6,2410.6,4903.4
2024-01-29,1167.0,1340.9,2403.7,4911.6
2024-01-30,1172.3,1345.0,2390.7,4908.0
2024-01-31,1161.1,1354.0,2398.8,4913.9
2024-02-01,1154.6,1358.7,2399.8,4913.1
2024-02-02,1158.9,1364.3,2398.4,4921.6
2024-02-03,1162.5,1360.0,2413.0,4935.5
2024-02-04,1173.9,1375.5,2399.5,4948.9
2024-02-05,1182.5,1384.8,2423.3,4990.6
2024-02-06,1182.6,1383.9,2433.2,4999.7
2024-02-07,1171.9,1382.7,2427.2,4981.8
2024-02-08,1170.6,1367.0,2432.9,4970.5
2024-02-09,1169.9,1377.3,2411.3,4958.5
2024-02-10,1170.3,1386.2,2421.8,4978.3
2024-02-11,1180.4,1374.6,2429.5,4984.5
2024-02-12,1174.2,1361.2,2440.2,4975.6
2024-02-13,1180.4,1364.7,2445.8,4990.900000000001
2024-02-14,1194.4,1371.9,2439.9,5006.200000000001
2024-02-15,1190.1,1369.4,2434.7,4994.2
2024-02-16,1186.2,1364.1,2418.6,4968.9
2024-02-17,1192.0,1370.4,2403.9,4966.3
2024-02-18,1199.8,1365.1,2415.5,4980.4
2024-02-19,1198.1,1366.7,2401.8,4966.6
2024-02-20,1199.0,1372.2,2416.7,4987.9
2024-02-21,1190.5,1370.4,2407.9,4968.8
2024-02-22,1195.5,1363.6,2406.7,4965.799999999999
2024-02-23,1191.6,1363.2,2406.7,4961.5
2024-02-24,1192.0,1364.6,2418.4,4975.0
2024-02-25,1190.2,1363.2,2428.3,4981.700000000001
2024-02-26,1195.9,1380.0,2430.2,5006.1
2024-02-27,1192.7,1392.8,2406.3,4991.8
2024-02-28,1186.5,1389.3,2416.0,4991.8
2024-02-29,1186.2,1390.0,2409.7,4985.9
2024-03-01,1193.5,1386.3,2406.6,4986.4
2024-03-02,1192.3,1372.9,2397.4,4962.6
2024-03-03,1204.4,1372.7,2407.0,4984.1
2024-03-04,1208.8,1367.2,2405.4,4981.4
2024-03-05,1206.9,1364.4,2397.8,4969.1
2024-03-06,1206.5,1366.7,2401.6,4974.799999999999
2024-03-07,1209.7,1377.7,2383.2,4970.6
2024-03-08,1217.9,1382.3,2368.9,4969.1
2024-03-09,1232.4,1379.4,2384.8,4996.6
2024-03-10,1240.2,1389.0,2369.9,4999.1
2024-03-11,1246.2,1390.9,2370.7,5007.8
2024-03-12,1251.4,1381.1,2358.1,4990.6
2024-03-13,1259.4,1372.0,2337.8,4969.200000000001
2024-03-14,1250.7,1364.7,2325.5,4940.9
2024-03-15,1257.3,1357.2,2336.8,4951.3
2024-03-16,1257.0,1358.8,2324.1,4939.9
2024-03-17,1264.9,1353.9,2346.7,4965.5
2024-03-18,1275.1,1357.1,2362.9,4995.1
2024-03-19,1277.8,1357.4,2345.6,4980.799999999999
2024-03-20,1269.7,1347.3,2323.5,4940.5
2024-03-21,1264.2,1358.7,2307.1,4930.0
2024-03-22,1256.0,1369.5,2298.7,4924.2
2024-03-23,1264.4,1371.2,2298.7,4934.3
2024-03-24,1264.6,1361.7,2320.8,4947.1
2024-03-25,1252.4,1366.5,2323.1,4942.0
2024-03-26,1248.8,1366.8,2314.9,4930.5
2024-03-27,1238.2,1359.5,2328.3,4926.0
2024-03-28,1239.6,1357.2,2318.9,4915.700000000001
2024-03-29,1249.6,1350.8,2324.7,4925.099999999999
2024-03-30,1270.2,1354.4,2325.4,4950.0
2024-03-31,1274.8,1352.3,2316.7,4943.799999999999
2024-04-01,1270.0,1338.7,2305.7,4914.4
2024-04-02,1263.1,1327.1,2328.5,4918.7
2024-04-03,1255.0,1322.6,2307.8,4885.4
2024-04-04,1261.8,1305.4,2302.6,4869.799999999999
2024-04-05,1263.0,1303.0,2285.3,4851.3
2024-04-06,1260.9,1305.8,2271.0,4837.7
2024-04-07,1258.3,1294.1,2278.6,4831.0
2024-04-08,1252.1,1284.2,2267.1,4803.4
2024-04-09,1243.7,1277.7,2273.0,4794.4
2024-04-10,1242.3,1279.4,2282.5,4804.2
2024-04-11,1244.4,1281.4,2268.2,4794.0
2024-04-12,1238.0,1287.4,2255.9,4781.3
2024-04-13,1234.2,1272.1,2272.4,4778.700000000001
2024-04-14,1240.4,1274.4,2265.1,4779.9
2024-04-15,1236.5,1280.7,2253.9,4771.1
2024-04-16,1239.6,1263.5,2256.4,4759.5
2024-04-17,1224.1,1274.5,2250.8,4749.4
2024-04-18,1212.0,1273.9,2266.6,4752.5
2024-04-19,1208.8,1273.1,2266.9,4748.799999999999
2024-04-20,1216.0,1285.0,2246.2,4747.2
2024-04-21,1214.1,1286.5,2245.8,4746.4
2024-04-22,1221.7,1297.3,2238.2,4757.2
2024-04-23,1226.2,1301.8,2226.5,4754.5
2024-04-24,1233.6,1304.8,2252.0,4790.4
2024-04-25,1249.2,1313.5,2235.8,4798.5
2024-04-26,1254.8,1310.3,2232.4,4797.5
2024-04-27,1252.6,1318.6,2226.8,4798.0
2024-04-28,1253.8,1311.6,2218.7,4784.099999999999
2024-04-29,1256.5,1324.6,2213.1,4794.2
2024-04-30,1258.0,1329.4,2205.8,4793.200000000001
2024-05-01,1264.2,1335.0,2201.6,4800.799999999999
2024-05-02,1265.9,1328.5,2187.4,4781.8
2024-05-03,1271.4,1336.6,2199.6,4807.6
2024-05-04,1270.1,1334.6,2204.3,4809.0
2024-05-05,1274.8,1332.0,2181.5,4788.3
2024-05-06,1271.1,1333.3,2182.2,4786.599999999999
2024-05-07,1271.7,1338.4,2190.2,4800.3
2024-05-08,1270.9,1327.4,2206.3,4804.6
2024-05-09,1276.0,1341.3,2208.1,4825.4
2024-05-10,1278.2,1340.3,2215.3,4833.8
2024-05-11,1278.0,1344.5,2208.3,4830.8
2024-05-12,1284.9,1353.3,2222.9,4861.1
2024-05-13,1289.9,1362.6,2216.0,4868.5
2024-05-14,1284.4,1363.5,2194.8,4842.700000000001
2024-05-15,1283.1,1370.4,2173.2,4826.7
2024-05-16,1285.4,1390.2,2171.8,4847.400000000001
2024-05-17,1299.1,1393.3,2178.8,4871.2
2024-05-18,1307.5,1389.9,2158.0,4855.4
2024-05-19,1304.8,1402.4,2159.6,4866.799999999999
2024-05-20,1298.5,1391.1,2160.5,4850.1
2024-05-21,1307.7,1394.2,2166.6,4868.5
2024-05-22,1308.4,1391.5,2167.1,4867.0
2024-05-23,1301.3,1384.9,2147.3,4833.5
2024-05-24,1296.4,1381.5,2134.4,4812.3
2024-05-25,1302.7,1383.0,2116.0,4801.7
2024-05-26,1308.2,1391.3,2107.2,4806.7
2024-05-27,1307.3,1393.8,2101.7,4802.799999999999
2024-05-28,1301.1,1390.4,2083.2,4774.7
2024-05-29,1296.7,1390.8,2071.2,4758.7
2024-05-30,1293.9,1398.5,2045.5,4737.9
2024-05-31,1285.0,1402.0,2047.3,4734.3
2024-06-01,1283.5,1395.3,2042.7,4721.5
2024-06-02,1277.6,1388.2,2034.5,4700.3
2024-06-03,1276.5,1382.6,2012.7,4671.8
2024-06-04,1268.6,1390.8,1989.5,4648.9
2024-06-05,1272.3,1391.9,2000.3,4664.5
2024-06-06,1270.1,1390.3,2022.0,4682.4
2024-06-07,1275.7,1393.7,2022.0,4691.4
2024-06-08,1278.3,1387.0,2014.6,4679.9
2024-06-09,1278.1,1388.2,2016.5,4682.8
2024-06-10,1271.4,1384.2,2016.4,4672.0
2024-06-11,1273.5,1386.1,2009.8,4669.4
2024-06-12,1265.5,1383.1,2004.3,4652.9
2024-06-13,1258.8,1384.7,2015.4,4658.9
2024-06-14,1257.2,1376.7,2011.7,4645.6
2024-06-15,1246.0,1382.9,2018.6,4647.5
2024-06-16,1263.4,1384.5,1998.9,4646.8
2024-06-17,1261.8,1380.4,2002.1,4644.299999999999
2024-06-18,1248.1,1381.1,2017.5,4646.7
2024-06-19,1257.1,1390.3,2044.2,4691.599999999999
2024-06-20,1260.9,1380.9,2031.7,4673.5
2024-06-21,1264.2,1374.7,2031.6,4670.5
2024-06-22,1266.1,1376.7,2033.2,4676.0
2024-06-23,1257.0,1365.0,2020.6,4642.6
2024-06-24,1261.7,1364.3,2011.4,4637.4
2024-06-25,1258.0,1371.0,2009.5,4638.5
2024-06-26,1251.2,1373.5,2002.5,4627.2
2024-06-27,1248.2,1377.0,2015.2,4640.4
2024-06-28,1245.9,1375.6,2035.7,4657.2
2024-06-29,1249.0,1363.8,2051.8,4664.6
2024-06-30,1259.8,1360.0,2068.8,4688.6
2024-07-01,1266.5,1363.9,2064.6,4695.0
2024-07-02,1260.8,1357.3,2057.6,4675.7
2024-07-03,1261.8,1346.9,2048.1,4656.799999999999
2024-07-04,1265.6,1348.0,2052.5,4666.1
2024-07-05,1252.7,1339.3,2075.7,4667.7
2024-07-06,1234.7,1340.1,2068.4,4643.200000000001
2024-07-07,1220.3,1351.1,2082.7,4654.099999999999
2024-07-08,1219.0,1351.8,2068.3,4639.1
2024-07-09,1216.9,1352.1,2059.6,4628.6
2024-07-10,1216.5,1358.9,2094.3,4669.700000000001
2024-07-11,1220.4,1358.9,2101.6,4680.9
2024-07-12,1215.5,1361.7,2114.6,4691.799999999999
2024-07-13,1213.6,1360.1,2111.2,4684.9
2024-07-14,1205.6,1358.2,2099.0,4662.8
2024-07-15,1198.7,1353.3,2108.2,4660.2
2024-07-16,1199.0,1367.4,2093.0,4659.4
2024-07-17,1198.5,1361.5,2101.7,4661.7
2024-07-18,1202.3,1358.3,2087.4,4648.0
2024-07-19,1210.0,1356.4,2095.1,4661.5
2024-07-20,1208.2,1361.7,2102.8,4672.700000000001
2024-07-21,1209.8,1362.5,2110.4,4682.700000000001
2024-07-22,1205.1,1356.5,2107.5,4669.1
2024-07-23,1200.3,1357.3,2106.8,4664.4
2024-07-24,1197.4,1366.5,2103.4,4667.3
2024-07-25,1188.3,1364.3,2118.7,4671.299999999999
2024-07-26,1178.4,1367.7,2121.4,4667.5
2024-07-27,1172.9,1365.5,2128.8,4667.200000000001
2024-07-28,1166.9,1374.2,2132.0,4673.1
2024-07-29,1160.6,1380.4,2133.3,4674.3
2024-07-30,1158.0,1381.3,2154.5,4693.8
2024-07-31,1157.7,1377.5,2137.6,4672.799999999999
2024-08-01,1157.0,1374.3,2110.2,4641.5
2024-08-02,1161.6,1374.3,2109.6,4645.5
2024-08-03,1159.4,1382.2,2099.1,4640.700000000001
2024-08-04,1156.2,1385.8,2130.8,4672.8
2024-08-05,1156.9,1398.0,2141.9,4696.8
2024-08-06,1169.5,1403.5,2158.3,4731.3
2024-08-07,1176.2,1398.5,2167.7,4742.4
2024-08-08,1177.6,1399.2,2178.0,4754.8
2024-08-09,1173.2,1391.7,2175.1,4740.0
2024-08-10,1173.7,1396.7,2176.9,4747.3
2024-08-11,1170.9,1408.8,2177.8,4757.5
2024-08-12,1166.7,1411.2,2188.9,4766.8
2024-08-13,1160.8,1405.7,2198.8,4765.3
2024-08-14,1164.8,1416.4,2204.9,4786.1
2024-08-15,1177.6,1418.8,2185.7,4782.099999999999
2024-08-16,1176.9,1421.6,2179.2,4777.7
2024-08-17,1167.7,1421.0,2169.7,4758.4
2024-08-18,1173.8,1426.7,2175.3,4775.8
2024-08-19,1178.1,1437.0,2183.0,4798.1
2024-08-20,1174.4,1449.5,2198.3,4822.200000000001
2024-08-21,1166.7,1454.4,2187.9,4809.0
2024-08-22,1163.4,1447.1,2183.6,4794.1
2024-08-23,1164.1,1432.7,2198.3,4795.1
2024-08-24,1162.8,1432.9,2178.5,4774.2
2024-08-25,1163.8,1434.5,2168.4,4766.700000000001
2024-08-26,1165.7,1441.0,2166.1,4772.799999999999
2024-08-27,1166.9,1442.1,2174.5,4783.5
2024-08-28,1163.9,1444.5,2175.9,4784.3
2024-08-29,1160.0,1443.0,2175.6,4778.6
2024-08-30,1157.9,1434.6,2172.3,4764.8
2024-08-31,1159.6,1432.8,2189.3,4781.7
2024-09-01,1159.3,1433.9,2173.8,4767.0
2024-09-02,1163.7,1438.1,2171.9,4773.700000000001
2024-09-03,1174.2,1451.4,2154.6,4780.200000000001
2024-09-04,1177.1,1454.9,2157.3,4789.3
2024-09-05,1183.4,1456.0,2157.0,4796.4
2024-09-06,1191.2,1454.1,2162.6,4807.9
2024-09-07,1180.2,1446.6,2165.7,4792.5
2024-09-08,1173.6,1433.2,2178.2,4785.0
2024-09-09,1167.1,1443.1,2171.4,4781.6
2024-09-10,1177.1,1446.9,2158.0,4782.0
2024-09-11,1181.5,1449.6,2158.0,4789.1
2024-09-12,1173.7,1442.8,2151.5,4768.0
2024-09-13,1165.8,1449.0,2147.5,4762.3
2024-09-14,1152.6,1445.0,2151.2,4748.799999999999
2024-09-15,1141.1,1447.1,2156.7,4744.9
2024-09-16,1154.8,1435.6,2166.4,4756.799999999999
2024-09-17,1157.6,1451.1,2169.8,4778.5
2024-09-18,1166.9,1443.9,2170.6,4781.4
2024-09-19,1160.5,1439.9,2180.0,4780.4
2024-09-20,1162.4,1448.9,2180.0,4791.3
2024-09-21,1159.6,1449.2,2160.2,4769.0
2024-09-22,1158.7,1440.9,2164.7,4764.3
2024-09-23,1152.0,1439.3,2147.2,4738.5
2024-09-24,1131.4,1442.7,2121.4,4695.5
2024-09-25,1133.1,1452.7,2118.6,4704.4
2024-09-26,1124.8,1452.4,2135.8,4713.0
2024-09-27,1131.9,1437.7,2126.9,4696.5
2024-09-28,1130.5,1434.5,2133.6,4698.6
2024-09-29,1123.2,1440.5,2166.0,4729.7
2024-09-30,1119.3,1439.1,2146.0,4704.4
2024-10-01,1125.5,1449.3,2148.3,4723.1
2024-10-02,1128.2,1446.3,2146.3,4720.8
2024-10-03,1115.0,1446.1,2144.7,4705.799999999999
2024-10-04,1122.2,1433.6,2161.4,4717.200000000001
2024-10-05,1122.4,1445.7,2164.4,4732.5
2024-10-06,1140.4,1447.8,2160.8,4749.0
2024-10-07,1135.3,1453.6,2158.5,4747.4
2024-10-08,1142.2,1463.3,2149.1,4754.6
2024-10-09,1142.0,1489.9,2151.3,4783.200000000001
2024-10-10,1134.3,1483.2,2158.2,4775.7
2024-10-11,1132.7,1489.5,2162.8,4785.0
2024-10-12,1130.1,1491.2,2171.7,4793.0
2024-10-13,1131.0,1500.0,2174.4,4805.4
2024-10-14,1120.1,1498.6,2178.6,4797.299999999999
2024-10-15,1127.0,1500.0,2170.8,4797.8
2024-10-16,1123.1,1500.0,2167.1,4790.2
2024-10-17,1129.8,1500.0,2169.3,4799.1
2024-10-18,1124.0,1499.4,2159.7,4783.1
2024-10-19,1137.7,1500.0,2164.8,4802.5
2024-10-20,1132.1,1495.7,2163.2,4791.0
2024-10-21,1131.9,1500.0,2166.1,4798.0
2024-10-22,1121.6,1500.0,2150.4,4772.0
2024-10-23,1118.1,1493.3,2143.3,4754.7
2024-10-24,1119.3,1495.4,2145.5,4760.2
2024-10-25,1123.9,1495.4,2134.5,4753.8
2024-10-26,1130.4,1499.2,2138.7,4768.3
2024-10-27,1124.1,1498.0,2158.9,4781.0
2024-10-28,1124.4,1486.9,2178.1,4789.4
2024-10-29,1120.6,1499.2,2193.7,4813.5
2024-10-30,1124.2,1500.0,2198.2,4822.4
2024-10-31,1125.5,1500.0,2198.1,4823.6
2024-11-01,1124.3,1500.0,2207.4,4831.700000000001
2024-11-02,1135.1,1500.0,2229.9,4865.0
2024-11-03,1140.8,1486.8,2234.0,4861.6
2024-11-04,1142.8,1498.8,2245.2,4886.799999999999
2024-11-05,1140.2,1500.0,2247.7,4887.9
2024-11-06,1133.3,1499.9,2230.8,4864.0
2024-11-07,1136.6,1493.0,2217.0,4846.6
2024-11-08,1126.4,1496.2,2231.7,4854.3
2024-11-09,1128.9,1482.9,2240.9,4852.700000000001
2024-11-10,1139.7,1474.6,2236.4,4850.700000000001
2024-11-11,1132.3,1474.1,2228.5,4834.9
2024-11-12,1140.9,1473.2,2218.0,4832.1
2024-11-13,1135.5,1475.2,2210.8,4821.5
2024-11-14,1136.4,1472.2,2207.8,4816.400000000001
2024-11-15,1134.3,1476.0,2238.4,4848.700000000001
2024-11-16,1127.9,1473.6,2233.7,4835.2
2024-11-17,1130.8,1465.5,2235.4,4831.700000000001
2024-11-18,1122.8,1470.2,2228.3,4821.3
2024-11-19,1127.8,1463.5,2231.4,4822.700000000001
2024-11-20,1126.4,1460.3,2246.0,4832.7
2024-11-21,1119.0,1444.8,2218.7,4782.5
2024-11-22,1116.5,1445.7,2217.6,4779.799999999999
2024-11-23,1117.4,1448.2,2238.3,4803.900000000001
2024-11-24,1122.7,1427.8,2215.9,4766.4
2024-11-25,1117.1,1427.8,2207.6,4752.5
2024-11-26,1123.2,1433.5,2202.4,4759.1
2024-11-27,1114.3,1434.7,2192.9,4741.9
2024-11-28,1110.6,1434.0,2197.0,4741.6
2024-11-29,1092.8,1434.7,2209.6,4737.1
2024-11-30,1100.1,1428.8,2201.7,4730.599999999999
2024-12-01,1087.7,1434.4,2212.2,4734.3
2024-12-02,1083.8,1426.4,2215.8,4726.0
2024-12-03,1081.0,1446.3,2223.7,4751.0
2024-12-04,1087.2,1444.9,2203.5,4735.6
2024-12-05,1088.0,1441.8,2198.1,4727.9
2024-12-06,1091.7,1440.0,2202.9,4734.6
2024-12-07,1090.9,1430.6,2198.2,4719.7
2024-12-08,1086.8,1427.7,2175.5,4690.0
2024-12-09,1094.4,1435.3,2180.1,4709.799999999999
2024-12-10,1103.5,1437.1,2186.0,4726.6
2024-12-11,1103.6,1442.5,2187.6,4733.7
2024-12-12,1105.3,1436.9,2204.6,4746.799999999999
2024-12-13,1106.3,1452.5,2198.2,4757.0
2024-12-14,1100.9,1464.8,2194.2,4759.9
2024-12-15,1105.6,1474.9,2199.8,4780.3
2024-12-16,1116.4,1482.1,2187.8,4786.3
2024-12-17,1112.0,1490.6,2212.2,4814.799999999999
2024-12-18,1111.0,1500.0,2209.3,4820.3
2024-12-19,1112.9,1500.0,2193.9,4806.8
2024-12-20,1108.3,1500.0,2191.3,4799.6
2024-12-21,1117.6,1500.0,2197.1,4814.7
2024-12-22,1113.2,1497.4,2201.1,4811.700000000001
2024-12-23,1115.3,1500.0,2176.2,4791.5
2024-12-24,1114.4,1500.0,2180.5,4794.9
2024-12-25,1114.7,1488.6,2180.9,4784.200000000001
2024-12-26,1113.8,1481.6,2206.6,4802.0
2024-12-27,1123.1,1485.7,2219.0,4827.8
2024-12-28,1127.1,1488.0,2213.6,4828.7
2024-12-29,1137.0,1489.8,2214.7,4841.5
2024-12-30,1146.0,1485.4,2215.6,4847.0
2024-12-31,1137.2,1480.1,2230.8,4848.1
2025-01-01,1132.5,1474.5,2237.5,4844.5
2025-01-02,1134.0,1474.1,2219.1,4827.2
2025-01-03,1142.0,1461.9,2215.1,4819.0
2025-01-04,1141.7,1469.5,2203.0,4814.2
2025-01-05,1150.4,1467.8,2202.6,4820.799999999999
2025-01-06,1144.6,1452.5,2201.7,4798.799999999999
2025-01-07,1140.5,1457.3,2191.3,4789.1
2025-01-08,1139.6,1456.9,2200.8,4797.3
2025-01-09,1141.2,1454.2,2216.1,4811.5
2025-01-10,1144.6,1441.5,2239.8,4825.9
2025-01-11,1140.3,1444.9,2239.4,4824.6
2025-01-12,1151.2,1435.3,2224.1,4810.6
2025-01-13,1151.5,1438.6,2242.3,4832.4
2025-01-14,1149.7,1435.4,2245.8,4830.900000000001
2025-01-15,1148.5,1433.8,2241.8,4824.1
2025-01-16,1157.5,1421.7,2246.7,4825.9
2025-01-17,1159.3,1413.9,2248.4,4821.6
2025-01-18,1159.9,1417.1,2260.3,4837.3
2025-01-19,1151.8,1409.0,2248.0,4808.8
2025-01-20,1137.6,1404.1,2229.5,4771.2
2025-01-21,1133.9,1397.5,2232.5,4763.9
2025-01-22,1130.5,1399.2,2232.7,4762.4
2025-01-23,1126.9,1402.3,2241.5,4770.7
2025-01-24,1123.8,1410.0,2226.7,4760.5
2025-01-25,1115.0,1418.8,2219.6,4753.4
2025-01-26,1117.4,1407.5,2219.6,4744.5
2025-01-27,1107.8,1410.8,2247.8,4766.4
2025-01-28,1109.8,1408.3,2241.2,4759.299999999999
2025-01-29,1112.4,1402.9,2225.5,4740.8
2025-01-30,1110.6,1405.0,2221.4,4737.0
2025-01-31,1101.0,1408.2,2211.7,4720.9
2025-02-01,1100.4,1394.8,2204.1,4699.299999999999
2025-02-02,1095.5,1377.2,2196.6,4669.299999999999
2025-02-03,1097.5,1387.7,2186.4,4671.6
2025-02-04,1090.9,1387.0,2188.7,4666.6
2025-02-05,1102.8,1392.0,2171.0,4665.8
2025-02-06,1103.5,1397.0,2156.9,4657.4
2025-02-07,1097.5,1396.8,2136.8,4631.1
2025-02-08,1093.6,1396.6,2120.7,4610.9
2025-02-09,1094.1,1398.7,2119.0,4611.8
2025-02-10,1092.7,1411.7,2124.3,4628.700000000001
2025-02-11,1092.6,1396.0,2130.0,4618.6
2025-02-12,1090.0,1383.1,2137.6,4610.7
2025-02-13,1093.6,1376.0,2134.7,4604.299999999999
2025-02-14,1089.9,1364.1,2141.0,4595.0
2025-02-15,1092.3,1376.9,2144.1,4613.299999999999
2025-02-16,1095.9,1375.3,2139.5,4610.7
2025-02-17,1092.8,1370.0,2148.0,4610.8
2025-02-18,1094.3,1371.1,2150.8,4616.2
2025-02-19,1103.0,1370.6,2114.9,4588.5
2025-02-20,1108.2,1370.6,2122.0,4600.8
2025-02-21,1102.1,1389.7,2123.3,4615.1
2025-02-22,1101.9,1401.4,2111.3,4614.6
2025-02-23,1114.4,1406.7,2092.3,4613.400000000001
2025-02-24,1118.7,1401.9,2074.4,4595.0
2025-02-25,1121.6,1399.6,2077.7,4598.9
2025-02-26,1116.2,1387.5,2077.2,4580.9
2025-02-27,1122.1,1386.5,2065.6,4574.2
2025-02-28,1112.7,1384.9,2049.7,4547.3
2025-03-01,1109.9,1389.9,2052.1,4551.9
2025-03-02,1104.1,1388.0,2051.9,4544.0
2025-03-03,1093.4,1390.4,2054.7,4538.5
2025-03-04,1090.3,1389.8,2059.8,4539.9
2025-03-05,1091.2,1387.5,2039.8,4518.5
2025-03-06,1096.2,1383.7,2034.5,4514.4
2025-03-07,1094.2,1387.3,2041.6,4523.1
2025-03-08,1089.0,1389.4,2021.6,4500.0
2025-03-09,1080.2,1394.0,1992.8,4467.0
2025-03-10,1087.9,1391.5,1973.4,4452.8
2025-03-11,1086.5,1387.4,1976.0,4449.9
2025-03-12,1085.3,1382.2,1952.3,4419.8
2025-03-13,1094.4,1386.5,1924.2,4405.1
2025-03-14,1088.0,1396.3,1928.0,4412.3
2025-03-15,1080.5,1398.3,1914.9,4393.700000000001
2025-03-16,1085.5,1389.4,1908.7,4383.6
2025-03-17,1066.2,1398.0,1896.6,4360.799999999999
2025-03-18,1068.3,1397.2,1906.2,4371.7
2025-03-19,1069.4,1382.8,1889.1,4341.299999999999
2025-03-20,1063.5,1388.8,1905.0,4357.3
2025-03-21,1064.4,1384.8,1907.4,4356.6
2025-03-22,1072.7,1391.0,1894.7,4358.4
2025-03-23,1069.4,1392.6,1912.0,4374.0
2025-03-24,1081.1,1390.7,1902.5,4374.3
2025-03-25,1078.9,1392.5,1894.3,4365.7
2025-03-26,1064.6,1395.0,1896.3,4355.9
2025-03-27,1059.9,1384.0,1907.6,4351.5
2025-03-28,1070.1,1386.3,1907.6,4364.0
2025-03-29,1067.1,1389.3,1885.7,4342.099999999999
2025-03-30,1079.2,1397.3,1895.5,4372.0
2025-03-31,1083.1,1398.9,1894.4,4376.4
2025-04-01,1081.3,1388.5,1876.3,4346.1
2025-04-02,1081.0,1394.7,1874.5,4350.2
2025-04-03,1077.2,1395.5,1866.3,4339.0
2025-04-04,1076.2,1415.9,1868.0,4360.1
2025-04-05,1073.2,1414.5,1874.7,4362.4
2025-04-06,1076.0,1406.8,1882.4,4365.200000000001
2025-04-07,1084.0,1409.5,1896.4,4389.9
2025-04-08,1075.3,1419.1,1871.2,4365.599999999999
2025-04-09,1079.7,1425.1,1864.7,4369.5
2025-04-10,1085.6,1428.9,1871.0,4385.5
2025-04-11,1093.5,1449.0,1871.2,4413.7
2025-04-12,1088.8,1444.6,1907.4,4440.799999999999
2025-04-13,1078.9,1433.8,1897.4,4410.1
2025-04-14,1075.8,1422.2,1898.8,4396.8
2025-04-15,1080.2,1416.4,1915.6,4412.200000000001
2025-04-16,1087.0,1410.3,1943.9,4441.200000000001
2025-04-17,1088.7,1413.6,1953.4,4455.700000000001
2025-04-18,1080.1,1415.9,1968.7,4464.7
2025-04-19,1074.5,1402.8,1969.9,4447.200000000001
2025-04-20,1070.2,1402.6,1980.4,4453.200000000001
2025-04-21,1070.6,1406.1,1999.3,4476.0
2025-04-22,1070.6,1407.6,2002.2,4480.4
2025-04-23,1071.2,1410.9,2041.8,4523.900000000001
2025-04-24,1077.9,1427.5,2003.4,4508.8
2025-04-25,1083.6,1426.6,2001.9,4512.1
2025-04-26,1072.1,1417.0,2038.7,4527.8
2025-04-27,1065.8,1426.9,2039.0,4531.7
2025-04-28,1053.1,1433.9,2030.4,4517.4
2025-04-29,1052.9,1441.5,2030.4,4524.8
2025-04-30,1046.7,1439.6,2023.5,4509.8
2025-05-01,1044.9,1434.5,2001.8,4481.2
2025-05-02,1030.2,1435.9,1997.4,4463.5
2025-05-03,1032.0,1439.6,1983.5,4455.1
2025-05-04,1035.1,1447.0,1977.8,4459.9
2025-05-05,1042.4,1451.0,1980.6,4474.0
2025-05-06,1030.4,1446.9,1993.4,4470.700000000001
2025-05-07,1024.1,1439.0,1999.8,4462.9
2025-05-08,1021.7,1429.0,2004.6,4455.299999999999
2025-05-09,1018.8,1438.4,2001.9,4459.1
2025-05-10,1020.5,1444.1,2005.8,4470.4
2025-05-11,1016.2,1452.7,2000.8,4469.7
2025-05-12,1008.4,1452.2,1986.5,4447.1
2025-05-13,1010.9,1450.7,1957.5,4419.1
2025-05-14,999.4,1443.3,1988.8,4431.5
2025-05-15,999.5,1432.6,1991.6,4423.7
2025-05-16,996.6,1438.3,1985.1,4420.0
2025-05-17,1000.2,1422.9,1977.1,4400.200000000001
2025-05-18,1000.8,1431.8,1971.9,4404.5
2025-05-19,1002.4,1422.0,1971.0,4395.4
2025-05-20,985.7,1435.7,1994.1,4415.5
2025-05-21,991.6,1418.8,1980.0,4390.4
2025-05-22,988.2,1411.4,1982.7,4382.3
2025-05-23,994.6,1413.2,2000.4,4408.200000000001
2025-05-24,996.4,1416.7,1994.7,4407.8
2025-05-25,1007.1,1418.5,1993.4,4419.0
2025-05-26,996.3,1413.8,1995.4,4405.5
2025-05-27,997.1,1414.2,2005.2,4416.5
2025-05-28,997.4,1405.9,2028.6,4431.9
2025-05-29,999.1,1406.2,2033.6,4438.9
2025-05-30,1009.5,1405.7,2036.8,4452.0
2025-05-31,1010.6,1414.3,2021.5,4446.4
2025-06-01,1009.7,1411.9,2025.6,4447.200000000001
2025-06-02,1003.9,1419.2,2017.0,4440.1
2025-06-03,1007.2,1421.8,2014.3,4443.3
2025-06-04,1011.0,1405.0,1986.8,4402.8
2025-06-05,1009.8,1404.7,1971.8,4386.3
2025-06-06,1007.8,1402.1,1953.9,4363.799999999999
2025-06-07,1000.7,1392.4,1953.3,4346.400000000001
2025-06-08,1005.6,1399.3,1954.0,4358.9
2025-06-09,1005.2,1398.7,1941.6,4345.5
2025-06-10,1015.9,1411.8,1955.2,4382.9
2025-06-11,1030.5,1410.8,1963.5,4404.8
2025-06-12,1035.3,1407.1,1975.7,4418.099999999999
2025-06-13,1033.7,1397.2,1989.4,4420.3
2025-06-14,1022.0,1400.2,1991.0,4413.2
2025-06-15,1025.3,1400.6,1990.7,4416.599999999999
2025-06-16,1016.0,1396.4,1985.4,4397.8
2025-06-17,1015.5,1377.9,1997.5,4390.9
2025-06-18,1016.8,1383.7,1982.7,4383.2
2025-06-19,1012.6,1382.5,2005.2,4400.3
2025-06-20,1022.1,1384.2,2014.4,4420.700000000001
2025-06-21,1022.0,1391.6,2013.5,4427.1
2025-06-22,1020.1,1404.2,2038.2,4462.5
2025-06-23,1014.2,1403.6,2029.5,4447.3
2025-06-24,1002.8,1407.5,2017.7,4428.0
2025-06-25,1009.6,1408.5,2015.4,4433.5
2025-06-26,1019.5,1408.7,1996.8,4425.0
2025-06-27,1021.5,1421.0,2003.0,4445.5
2025-06-28,1023.2,1427.6,2001.6,4452.4
2025-06-29,1013.7,1423.6,2000.4,4437.700000000001
2025-06-30,1011.4,1429.6,2000.2,4441.2
2025-07-01,1011.8,1419.7,2014.5,4446.0
2025-07-02,1017.4,1419.2,2006.2,4442.8
2025-07-03,1021.8,1426.6,2020.8,4469.2
2025-07-04,1021.2,1436.3,2006.6,4464.1
2025-07-05,1019.8,1426.2,1997.3,4443.3
2025-07-06,1016.1,1425.9,1994.0,4436.0
2025-07-07,1024.8,1418.9,1979.0,4422.7
2025-07-08,1021.9,1402.2,1992.9,4417.0
2025-07-09,1029.9,1399.0,1997.0,4425.9
2025-07-10,1031.3,1395.9,2013.3,4440.5
2025-07-11,1031.2,1384.5,2023.5,4439.2
2025-07-12,1016.7,1399.6,2044.0,4460.3
2025-07-13,1015.0,1395.7,2038.5,4449.2
2025-07-14,1004.3,1393.7,2055.0,4453.0
2025-07-15,1001.8,1394.8,2057.7,4454.299999999999
2025-07-16,1000.3,1391.4,2041.2,4432.9
2025-07-17,986.6,1400.2,2062.3,4449.1
2025-07-18,995.2,1398.0,2090.4,4483.6
2025-07-19,999.2,1399.6,2101.9,4500.700000000001
2025-07-20,986.7,1389.7,2070.4,4446.8
2025-07-21,988.6,1394.9,2068.7,4452.2
2025-07-22,981.5,1414.3,2083.7,4479.5
2025-07-23,985.2,1434.7,2093.7,4513.6
2025-07-24,982.4,1428.5,2083.2,4494.1
2025-07-25,987.5,1430.5,2076.6,4494.6
2025-07-26,990.8,1424.9,2073.8,4489.5
2025-07-27,993.4,1421.7,2059.4,4474.5
2025-07-28,991.5,1408.7,2055.1,4455.299999999999
2025-07-29,990.3,1403.4,2063.7,4457.4
2025-07-30,985.2,1394.0,2066.2,4445.4
2025-07-31,988.4,1388.3,2051.1,4427.799999999999
2025-08-01,993.1,1387.3,2071.2,4451.6
2025-08-02,1002.5,1388.6,2084.9,4476.0
2025-08-03,994.4,1388.3,2077.0,4459.7
2025-08-04,1002.3,1371.6,2059.9,4433.799999999999
2025-08-05,1002.8,1377.2,2057.1,4437.1
2025-08-06,984.8,1370.7,2044.7,4400.2
2025-08-07,994.6,1376.4,2038.6,4409.6
2025-08-08,997.7,1377.3,2011.2,4386.2
2025-08-09,1005.6,1377.4,1997.7,4380.7
2025-08-10,996.4,1359.7,1996.5,4352.6
2025-08-11,1003.3,1362.3,1975.8,4341.4
2025-08-12,1007.6,1349.4,1973.8,4330.8
2025-08-13,1008.1,1360.2,1967.7,4336.0
2025-08-14,1006.6,1367.6,1979.4,4353.6
2025-08-15,1001.7,1368.5,1978.2,4348.4
2025-08-16,1001.2,1372.3,1981.7,4355.2
2025-08-17,1017.2,1364.6,1969.6,4351.4
2025-08-18,1019.0,1364.0,1969.2,4352.2
2025-08-19,1017.2,1369.6,1966.8,4353.6
2025-08-20,1019.5,1361.6,1959.8,4340.9
2025-08-21,1027.1,1357.5,1976.1,4360.7
2025-08-22,1035.3,1362.2,1983.4,4380.9
2025-08-23,1040.6,1347.0,1992.4,4380.0
2025-08-24,1053.3,1356.8,2012.5,4422.6
2025-08-25,1062.9,1351.6,2013.9,4428.4
2025-08-26,1077.4,1352.0,2029.2,4458.6
2025-08-27,1069.6,1350.9,2035.2,4455.7
2025-08-28,1063.3,1351.0,2041.1,4455.4
2025-08-29,1049.1,1345.7,2046.0,4440.8
2025-08-30,1041.1,1348.4,2036.5,4426.0
2025-08-31,1053.9,1338.8,2059.5,4452.2
2025-09-01,1041.0,1331.8,2069.1,4441.9
2025-09-02,1044.7,1339.5,2078.4,4462.6
2025-09-03,1033.7,1324.5,2090.6,4448.799999999999
2025-09-04,1029.7,1326.5,2088.2,4444.4
2025-09-05,1025.9,1316.4,2085.1,4427.4
2025-09-06,1034.4,1320.4,2089.9,4444.700000000001
2025-09-07,1031.7,1316.3,2068.3,4416.3
2025-09-08,1029.4,1322.1,2049.5,4401.0
2025-09-09,1038.3,1337.6,2066.0,4441.9
2025-09-10,1035.7,1329.9,2055.3,4420.900000000001
2025-09-11,1036.7,1329.4,2066.1,4432.200000000001
2025-09-12,1040.2,1329.5,2078.7,4448.4
2025-09-13,1037.5,1312.9,2090.6,4441.0
2025-09-14,1042.1,1307.3,2076.3,4425.7
2025-09-15,1037.2,1317.2,2081.7,4436.1
2025-09-16,1029.2,1313.8,2088.8,4431.8
2025-09-17,1031.2,1313.3,2093.7,4438.2
2025-09-18,1038.6,1312.6,2090.7,4441.9
2025-09-19,1046.8,1304.6,2090.3,4441.7
2025-09-20,1044.7,1295.8,2097.1,4437.6
2025-09-21,1037.7,1292.6,2083.9,4414.200000000001
2025-09-22,1041.7,1301.5,2082.9,4426.1
2025-09-23,1045.5,1301.9,2096.4,4443.8
2025-09-24,1045.2,1301.3,2095.8,4442.3
2025-09-25,1037.3,1301.8,2084.4,4423.5
2025-09-26,1023.1,1298.3,2095.8,4417.200000000001
2025-09-27,1022.7,1306.4,2112.7,4441.8
2025-09-28,1023.4,1305.3,2105.0,4433.7
2025-09-29,1024.8,1305.8,2115.3,4445.9
2025-09-30,1030.7,1313.1,2124.9,4468.700000000001
2025-10-01,1034.8,1311.8,2108.1,4454.7
2025-10-02,1029.7,1317.5,2106.0,4453.2
2025-10-03,1030.0,1315.1,2100.8,4445.9
2025-10-04,1025.6,1307.0,2095.4,4428.0
2025-10-05,1037.9,1299.0,2089.1,4426.0
2025-10-06,1039.3,1307.6,2100.3,4447.2
2025-10-07,1040.0,1307.8,2093.9,4441.700000000001
2025-10-08,1031.2,1307.0,2086.8,4425.0
2025-10-09,1034.9,1303.5,2093.2,4431.6
2025-10-10,1024.2,1299.4,2104.5,4428.1
2025-10-11,1023.3,1285.0,2097.4,4405.700000000001
2025-10-12,1027.9,1289.3,2100.6,4417.799999999999
2025-10-13,1012.7,1284.3,2082.3,4379.3
2025-10-14,1014.3,1275.9,2078.9,4369.1
2025-10-15,1016.8,1269.4,2058.0,4344.2
2025-10-16,1019.4,1277.0,2052.7,4349.1
2025-10-17,1014.2,1272.8,2047.7,4334.7
2025-10-18,1005.2,1278.3,2042.7,4326.2
2025-10-19,1007.6,1279.7,2073.8,4361.1
2025-10-20,1011.5,1278.3,2070.9,4360.700000000001
2025-10-21,1023.0,1272.0,2052.2,4347.2
2025-10-22,1014.0,1272.4,2055.8,4342.200000000001
2025-10-23,1012.0,1267.9,2055.4,4335.3
2025-10-24,1012.2,1284.1,2058.3,4354.6
2025-10-25,1007.9,1292.1,2045.5,4345.5
2025-10-26,1016.0,1290.3,2066.9,4373.200000000001
2025-10-27,1018.6,1282.3,2078.2,4379.1
2025-10-28,1007.7,1276.3,2079.9,4363.9
2025-10-29,1009.0,1282.8,2067.4,4359.200000000001
2025-10-30,1006.7,1277.9,2059.7,4344.3
2025-10-31,997.9,1276.7,2069.3,4343.9
2025-11-01,989.6,1290.7,2078.5,4358.8
2025-11-02,986.6,1288.6,2065.3,4340.5
2025-11-03,984.5,1285.5,2063.5,4333.5
2025-11-04,974.9,1279.1,2049.4,4303.4
2025-11-05,977.7,1269.8,2047.0,4294.5
2025-11-06,980.9,1262.7,2078.5,4322.1
2025-11-07,990.2,1263.0,2083.2,4336.4
2025-11-08,1009.0,1266.1,2071.6,4346.7
2025-11-09,1004.4,1261.3,2095.3,4361.0
2025-11-10,1022.4,1258.3,2088.9,4369.6
2025-11-11,1023.4,1276.0,2073.4,4372.8
2025-11-12,1031.9,1274.8,2070.5,4377.2
2025-11-13,1028.5,1267.5,2042.6,4338.6
2025-11-14,1027.9,1260.1,2065.2,4353.2
2025-11-15,1029.5,1248.9,2080.7,4359.1
2025-11-16,1026.2,1241.2,2071.5,4338.9
2025-11-17,1030.9,1249.7,2075.2,4355.8
2025-11-18,1024.6,1260.4,2050.2,4335.2
2025-11-19,1016.1,1239.2,2066.2,4321.5
2025-11-20,1010.4,1244.1,2059.1,4313.6
2025-11-21,1002.3,1237.0,2070.0,4309.3
2025-11-22,999.4,1231.2,2065.1,4295.7
2025-11-23,1002.6,1228.0,2059.8,4290.4
2025-11-24,985.5,1215.9,2057.3,4258.700000000001
2025-11-25,987.8,1218.4,2053.4,4259.6
2025-11-26,1000.7,1213.2,2063.7,4277.6
2025-11-27,999.6,1206.9,2054.9,4261.4
2025-11-28,994.6,1201.8,2060.1,4256.5
2025-11-29,991.3,1207.5,2063.4,4262.200000000001
2025-11-30,985.2,1203.5,2065.1,4253.799999999999
2025-12-01,990.2,1220.8,2053.5,4264.5
2025-12-02,998.4,1221.9,2042.9,4263.200000000001
2025-12-03,1008.0,1219.5,2056.3,4283.8
2025-12-04,1010.3,1218.7,2036.1,4265.1
2025-12-05,1013.2,1224.4,2056.5,4294.1
2025-12-06,1015.6,1229.4,2083.6,4328.6
2025-12-07,1011.4,1230.9,2081.6,4323.9
2025-12-08,1014.6,1236.3,2057.5,4308.4
2025-12-09,1009.7,1236.7,2076.4,4322.8
2025-12-10,1020.8,1245.5,2066.8,4333.1
2025-12-11,1036.3,1256.6,2067.7,4360.599999999999
2025-12-12,1041.0,1259.2,2082.6,4382.799999999999
2025-12-13,1037.1,1260.7,2063.4,4361.200000000001
2025-12-14,1037.5,1266.9,2077.8,4382.200000000001
2025-12-15,1035.2,1267.0,2085.4,4387.6
2025-12-16,1029.9,1266.1,2091.1,4387.1
2025-12-17,1021.3,1253.2,2081.4,4355.9
2025-12-18,1019.2,1256.8,2090.1,4366.1
2025-12-19,1023.9,1255.0,2090.7,4369.6
2025-12-20,1022.3,1242.4,2078.3,4343.0
2025-12-21,1016.8,1237.5,2080.9,4335.200000000001
2025-12-22,1014.7,1244.6,2087.3,4346.6
2025-12-23,1024.7,1251.5,2105.8,4382.0
2025-12-24,1032.1,1261.5,2110.7,4404.299999999999
2025-12-25,1026.4,1253.0,2103.0,4382.4
2025-12-26,1022.2,1258.9,2098.3,4379.400000000001
2025-12-27,1029.6,1266.8,2087.4,4383.799999999999
2025-12-28,1029.6,1262.7,2084.6,4376.9
2025-12-29,1029.1,1275.0,2098.4,4402.5
2025-12-30,1022.8,1285.3,2087.3,4395.4
2025-12-31,1023.9,1287.2,2105.1,4416.2
2026-01-01,1013.5,1270.0,2090.9,4374.4
2026-01-02,1021.3,1262.7,2082.9,4366.9
2026-01-03,1015.1,1269.9,2088.0,4373.0
2026-01-04,1016.4,1276.8,2070.5,4363.7
2026-01-05,1012.9,1289.0,2071.5,4373.4
2026-01-06,1009.6,1285.1,2059.0,4353.7
2026-01-07,1007.1,1295.8,2057.9,4360.8
2026-01-08,1014.8,1283.2,2064.0,4362.0
2026-01-09,1010.5,1280.8,2066.9,4358.200000000001
2026-01-10,1009.0,1280.2,2063.9,4353.1
2026-01-11,1002.2,1276.7,2073.5,4352.4
2026-01-12,1007.3,1264.2,2060.9,4332.4
2026-01-13,1000.6,1271.8,2060.4,4332.8
2026-01-14,996.7,1267.1,2054.8,4318.6
2026-01-15,999.4,1260.8,2051.2,4311.4
2026-01-16,1011.7,1256.5,2033.0,4301.2
2026-01-17,1007.3,1248.7,2044.4,4300.4
2026-01-18,994.4,1256.1,2037.7,4288.2
2026-01-19,984.1,1243.7,2052.9,4280.700000000001
2026-01-20,979.9,1252.4,2061.1,4293.4
2026-01-21,972.7,1257.3,2076.7,4306.7
2026-01-22,973.0,1262.5,2087.4,4322.9
2026-01-23,971.5,1259.9,2091.2,4322.6
2026-01-24,959.6,1268.9,2072.6,4301.1
2026-01-25,957.1,1260.5,2080.2,4297.799999999999
2026-01-26,961.6,1264.3,2074.3,4300.200000000001
2026-01-27,962.4,1260.7,2080.7,4303.799999999999
2026-01-28,968.7,1263.1,2084.4,4316.200000000001
2026-01-29,971.4,1265.2,2078.8,4315.4
2026-01-30,975.2,1266.6,2105.7,4347.5
2026-01-31,973.2,1261.5,2103.7,4338.4
2026-02-01,971.5,1258.2,2111.9,4341.6
2026-02-02,956.9,1255.5,2110.4,4322.8
2026-02-03,964.3,1242.9,2132.7,4339.9
2026-02-04,962.3,1235.9,2123.4,4321.6
2026-02-05,962.2,1242.2,2112.6,4317.0
2026-02-06,965.1,1239.7,2094.7,4299.5
2026-02-07,976.7,1243.6,2097.8,4318.1
2026-02-08,976.9,1247.5,2103.7,4328.1
2026-02-09,972.8,1255.6,2091.5,4319.9
2026-02-10,979.3,1255.7,2104.1,4339.1
2026-02-11,986.6,1262.5,2122.7,4371.799999999999
2026-02-12,990.9,1265.2,2149.3,4405.4
2026-02-13,1000.0,1253.4,2151.0,4404.4
2026-02-14,997.4,1246.8,2133.6,4377.799999999999
2026-02-15,994.1,1233.4,2112.0,4339.5
2026-02-16,992.1,1226.8,2113.8,4332.700000000001
2026-02-17,999.6,1231.7,2101.3,4332.6
2026-02-18,991.1,1229.1,2126.8,4347.0
2026-02-19,997.6,1224.9,2119.6,4342.1
2026-02-20,1012.4,1237.1,2083.2,4332.7
2026-02-21,1023.1,1235.5,2092.2,4350.799999999999
2026-02-22,1021.3,1220.9,2101.9,4344.1
2026-02-23,1017.3,1215.8,2110.5,4343.6
2026-02-24,1018.4,1213.1,2105.1,4336.6
2026-02-25,1027.6,1223.8,2121.8,4373.2
2026-02-26,1033.1,1211.3,2123.3,4367.7
2026-02-27,1034.1,1209.8,2110.7,4354.599999999999
2026-02-28,1044.1,1209.2,2122.8,4376.1
2026-03-01,1041.2,1202.2,2120.4,4363.8
2026-03-02,1040.2,1201.6,2127.9,4369.700000000001
2026-03-03,1038.7,1200.3,2105.7,4344.7
2026-03-04,1034.0,1201.8,2087.2,4323.0
2026-03-05,1035.1,1190.7,2085.1,4310.9
2026-03-06,1031.8,1196.9,2083.3,4312.0
2026-03-07,1028.7,1182.1,2092.1,4302.9
2026-03-08,1034.6,1202.0,2080.4,4317.0
2026-03-09,1039.0,1196.3,2077.3,4312.6
2026-03-10,1037.9,1200.8,2064.6,4303.299999999999
2026-03-11,1037.0,1200.2,2051.4,4288.6
2026-03-12,1030.4,1179.5,2038.7,4248.6
2026-03-13,1025.4,1160.2,2050.1,4235.700000000001
2026-03-14,1022.1,1162.1,2070.5,4254.7
2026-03-15,1005.5,1170.1,2046.6,4222.2
2026-03-16,1008.5,1160.0,2049.1,4217.6
2026-03-17,1017.1,1161.8,2052.6,4231.5
2026-03-18,1022.3,1165.9,2043.0,4231.2
2026-03-19,1026.4,1158.4,2040.2,4225.0
2026-03-20,1030.3,1150.4,2047.8,4228.5
2026-03-21,1035.8,1144.1,2058.2,4238.099999999999
2026-03-22,1032.7,1135.4,2052.1,4220.200000000001
2026-03-23,1038.1,1144.6,2051.2,4233.9
2026-03-24,1027.2,1149.2,2064.6,4241.0
2026-03-25,1028.3,1155.1,2049.3,4232.7
2026-03-26,1023.4,1147.6,2046.0,4217.0
2026-03-27,1020.8,1148.0,2038.4,4207.200000000001
2026-03-28,1023.2,1149.3,2032.7,4205.2
2026-03-29,1022.8,1151.2,1998.9,4172.9
2026-03-30,1009.2,1158.3,1990.6,4158.1
2026-03-31,1022.1,1164.8,1977.1,4164.0
2026-04-01,1024.1,1162.4,1980.2,4166.7
2026-04-02,1021.8,1161.2,1985.9,4168.9
2026-04-03,1024.1,1162.5,1971.1,4157.7
2026-04-04,1024.4,1171.6,1969.0,4165.0
2026-04-05,1023.1,1176.1,1949.6,4148.799999999999
2026-04-06,1026.9,1181.6,1951.4,4159.9
2026-04-07,1022.5,1177.8,1950.4,4150.700000000001
2026-04-08,1012.6,1163.5,1938.0,4114.1
2026-04-09,1010.4,1155.3,1921.3,4087.0
2026-04-10,1004.7,1150.7,1921.2,4076.6000000000004
2026-04-11,995.6,1157.4,1935.7,4088.7
2026-04-12,998.8,1162.5,1916.0,4077.3
2026-04-13,999.8,1158.0,1921.2,4079.0
2026-04-14,1004.8,1169.0,1904.8,4078.6000000000004
2026-04-15,1010.1,1169.1,1895.2,4074.3999999999996
2026-04-16,1014.6,1154.3,1891.1,4060.0
2026-04-17,1019.4,1142.3,1910.9,4072.6
2026-04-18,1022.9,1159.1,1934.2,4116.2
2026-04-19,1036.8,1158.8,1931.7,4127.3
2026-04-20,1031.5,1150.6,1927.8,4109.9
2026-04-21,1032.0,1146.0,1925.7,4103.7
2026-04-22,1034.2,1155.9,1912.1,4102.200000000001
2026-04-23,1032.7,1156.5,1925.7,4114.9
2026-04-24,1034.0,1160.1,1932.4,4126.5
2026-04-25,1035.7,1166.0,1927.0,4128.7
2026-04-26,1033.5,1179.7,1919.0,4132.2
2026-04-27,1040.6,1176.6,1912.0,4129.2
2026-04-28,1037.1,1171.4,1905.1,4113.6
2026-04-29,1039.0,1162.7,1914.1,4115.799999999999
2026-04-30,1041.8,1167.1,1928.7,4137.599999999999
2026-05-01,1041.0,1163.9,1919.2,4124.1
2026-05-02,1038.8,1159.3,1923.5,4121.6
2026-05-03,1026.8,1157.4,1922.7,4106.9
2026-05-04,1012.7,1156.3,1906.1,4075.1
2026-05-05,1010.7,1148.1,1918.9,4077.7000000000003
2026-05-06,1004.8,1148.1,1914.0,4066.8999999999996
2026-05-07,998.1,1157.9,1925.9,4081.9
2026-05-08,997.7,1152.4,1932.2,4082.3
2026-05-09,1003.8,1156.5,1956.6,4116.9
2026-05-10,1002.3,1142.7,1969.3,4114.3
2026-05-11,991.0,1135.1,1970.3,4096.4
2026-05-12,986.5,1112.5,1965.9,4064.9
2026-05-13,998.6,1115.4,1952.7,4066.7
2026-05-14,991.9,1119.1,1965.4,4076.4
2026-05-15,991.6,1107.6,1962.5,4061.7
2026-05-16,986.5,1093.5,1942.8,4022.8
2026-05-17,986.2,1087.5,1947.0,4020.7
2026-05-18,999.8,1092.1,1946.6,4038.4999999999995
2026-05-19,1004.2,1085.7,1955.0,4044.9
2026-05-20,1001.2,1072.5,1975.6,4049.2999999999997
2026-05-21,1001.0,1074.8,2000.6,4076.4
2026-05-22,1010.2,1088.6,1998.0,4096.8
2026-05-23,1007.4,1093.1,2002.8,4103.3
2026-05-24,1009.2,1090.0,2001.3,4100.5
2026-05-25,1016.0,1108.7,2008.9,4133.6
2026-05-26,1018.9,1109.3,1997.2,4125.4
2026-05-27,1015.8,1116.5,1993.9,4126.200000000001
2026-05-28,1018.5,1121.3,1996.1,4135.9
2026-05-29,1018.3,1130.0,1997.4,4145.700000000001
2026-05-30,1019.9,1134.4,2001.1,4155.4
2026-05-31,1024.4,1121.2,1995.8,4141.400000000001
2026-06-01,1024.0,1114.8,1985.4,4124.200000000001
2026-06-02,1019.9,1114.8,1985.8,4120.5
2026-06-03,1025.1,1105.2,1992.4,4122.700000000001
2026-06-04,1028.1,1108.3,1984.3,4120.7
2026-06-05,1031.8,1112.9,1985.9,4130.6
2026-06-06,1031.7,1096.6,1997.9,4126.200000000001
2026-06-07,1041.7,1091.1,2007.9,4140.700000000001
2026-06-08,1049.0,1108.8,2008.1,4165.9
2026-06-09,1047.5,1104.4,2019.4,4171.3
2026-06-10,1045.3,1115.8,2017.8,4178.9
2026-06-11,1051.3,1112.3,2009.8,4173.4
2026-06-12,1048.9,1121.9,2025.3,4196.1
2026-06-13,1054.4,1134.1,2031.7,4220.2
2026-06-14,1050.1,1128.5,2032.4,4211.0
2026-06-15,1048.7,1141.6,2039.0,4229.3
2026-06-16,1047.5,1132.5,2032.5,4212.5
2026-06-17,1040.1,1140.6,2037.8,4218.5
2026-06-18,1040.2,1129.9,2040.4,4210.5
2026-06-19,1047.3,1126.6,2038.7,4212.599999999999
2026-06-20,1065.9,1135.7,2034.4,4236.0
2026-06-21,1063.2,1134.5,2043.4,4241.1
2026-06-22,1063.1,1125.0,2043.4,4231.5
2026-06-23,1068.8,1122.0,2052.5,4243.3
2026-06-24,1064.5,1134.0,2078.4,4276.9
2026-06-25,1075.8,1132.4,2067.0,4275.2
2026-06-26,1071.8,1120.2,2061.8,4253.8
2026-06-27,1073.1,1125.4,2062.2,4260.7
2026-06-28,1085.5,1131.7,2081.0,4298.2
2026-06-29,1079.8,1139.5,2070.6,4289.9
2026-06-30,1079.4,1137.7,2077.2,4294.3
2026-07-01,1079.8,1141.8,2098.6,4320.2
2026-07-02,1081.0,1135.8,2074.2,4291.0
2026-07-03,1078.6,1135.9,2075.4,4289.9
2026-07-04,1073.5,1135.1,2093.6,4302.2
2026-07-05,1059.7,1124.8,2099.5,4284.0
2026-07-06,1057.6,1123.6,2093.6,4274.799999999999
2026-07-07,1057.2,1117.0,2093.7,4267.9
2026-07-08,1058.0,1117.0,2083.7,4258.7
2026-07-09,1062.1,1116.1,2067.7,4245.9
2026-07-10,1063.8,1108.5,2055.8,4228.1
2026-07-11,1055.9,1104.0,2041.7,4201.6
2026-07-12,1042.4,1108.3,2043.3,4194.0
2026-07-13,1040.0,1112.7,2055.4,4208.1
2026-07-14,1038.3,1118.1,2062.0,4218.4
