date,war_event,terrorism_event,cyber_attack_event,political_instability_event,news_severity,tanker_movements,shipping_delays,blocked_routes,vessel_congestion,country_sanctions,supplier_sanctions,export_restrictions,import_restrictions,crude_price,daily_change,volatility,news_severity_raw,tanker_movements_raw,shipping_delays_raw,vessel_congestion_raw,country_sanctions_raw,supplier_sanctions_raw,crude_price_raw,daily_change_raw,volatility_raw,Conflict Score,Shipping Delay Ratio,Sanction Exposure,Oil Price Change %,Risk Frequency,Historical Incident Count,risk_score,risk_level
2026-01-01,0,0,0,0,-1.3206601261526583,1.65715842131422,-1.4454731728840722,0,-1.269318088908629,-1.422656835872732,-1.2179615952923375,0,0,-1.4112378030614854,-1.2941826776887375,-1.395870469604093,1.51,33,0,1.59,2,13,75.15,0.21,1.03,1.51,0.0,15.0,0.2802241419503413,0.0,0,15,LOW
2026-01-02,0,0,0,0,-1.4614257474242172,1.9326627307596431,-1.1951747879690813,0,-1.2855805560959994,-1.3339625194218137,-1.2179615952923375,0,0,-1.393879352423971,-1.298273014849574,-1.3257208606086617,1.03,35,2,1.54,3,13,75.56,0.19,1.26,1.03,0.05714284081633119,16.0,0.2520896574114823,0.0,0,10,LOW
2026-01-03,0,0,0,0,-1.417436490776855,1.3816541118687968,-1.3203239804265767,0,-1.3701453854703252,-1.3339625194218137,-1.2179615952923375,0,0,-1.2677130526683773,-1.2512341374999518,-1.4355202486015106,1.18,31,1,1.28,3,13,78.54,0.42,0.9,1.18,0.03225805411030513,16.0,0.5376343397805504,0.0,0,19,LOW
2026-01-04,0,0,0,0,-1.4203691078866791,1.7949105760369315,-1.3203239804265767,0,-1.1977632332841996,-1.245268202970895,-1.399701699041505,0,0,-1.2236818608073652,-1.308498857751666,-1.3653706396060794,1.17,34,1,1.81,4,10,79.58,0.14,1.13,1.17,0.029411756055365862,14.0,0.17623361326364387,0.0,0,27,LOW
2026-01-05,0,0,0,0,-1.3001318063838891,1.7949105760369315,-1.3203239804265767,0,-1.272570582346103,-1.245268202970895,-1.2179615952923375,0,0,-1.2812611117025352,-1.2369179574370233,-1.3653706396060794,1.58,34,1,1.58,4,13,78.22,0.49,1.13,1.58,0.029411756055365862,17.0,0.6303871567750987,0.0,0,10,LOW
2026-01-06,0,0,0,0,-1.3059970406035375,0.6928933382552392,-1.3203239804265767,0,-1.3701453854703252,-1.422656835872732,-1.4602817336245608,0,0,-1.4061572809236766,-1.298273014849574,-1.3836705376048875,1.56,26,1,1.28,2,9,75.27,0.19,1.07,1.56,0.03846152366864474,11.0,0.25306336533519375,0.0,0,0,LOW
2026-01-07,0,0,0,0,-1.3206601261526583,1.9326627307596431,-1.1951747879690813,0,-1.4384477476572803,-1.245268202970895,-1.2179615952923375,0,0,-1.3248689267187304,-1.286002003367064,-1.395870469604093,1.51,35,2,1.07,4,13,77.19,0.25,1.03,1.51,0.05714284081633119,17.0,0.3249284734951295,0.0,0,32,LOW
2026-01-08,0,0,0,0,-1.3206601261526583,1.65715842131422,-1.4454731728840722,0,-1.2400456479713626,-1.245268202970895,-1.2179615952923375,0,0,-1.28210786539217,-1.2962278462691559,-1.3501207246070726,1.51,33,0,1.68,4,13,78.2,0.2,1.18,1.51,0.0,17.0,0.2564102235371508,0.0,0,22,LOW
2026-01-09,0,0,0,0,-1.2737382523954717,1.1061498024233738,-1.4454731728840722,0,-1.3929128395326436,-1.245268202970895,-1.3391216644584492,0,0,-1.2202948460488257,-1.298273014849574,-1.429420282601908,1.67,29,0,1.21,4,11,79.66,0.19,0.92,1.67,0.0,15.0,0.23908390095836152,0.0,0,2,LOW
2026-01-10,0,0,0,0,-1.2502773155168785,1.5194062665915085,-1.4454731728840722,0,-1.3766503723452734,-1.1565738865199766,-1.2179615952923375,0,0,-1.1948922353597797,-1.2900923405279006,-1.3165709116092574,1.75,32,0,1.26,5,13,80.26,0.23,1.29,1.75,0.0,18.0,0.28739219200397453,0.0,0,22,LOW
2026-01-11,0,0,0,0,-1.4115712565572067,0.9683976477006623,-1.4454731728840722,0,-1.2953380364084217,-1.1565738865199766,-1.399701699041505,0,0,-1.2749104590302736,-1.2941826776887375,-1.3287708436084629,1.2,28,0,1.51,5,10,78.37,0.21,1.25,1.2,0.0,15.0,0.2686795971494885,0.0,0,5,LOW
2026-01-12,0,0,0,0,-1.4496952789849207,0.6928933382552392,-1.3203239804265767,0,-1.3376204510955845,-1.1565738865199766,-1.2785416298753933,0,0,-1.405733904078859,-1.308498857751666,-1.3196208946090586,1.07,26,1,1.38,5,12,75.28,0.14,1.28,1.07,0.03846152366864474,17.0,0.18631884664375212,0.0,0,7,LOW
2026-01-13,0,0,0,0,-1.235614229967758,0.6928933382552392,-1.1951747879690813,0,-1.1749957792218813,-1.422656835872732,-1.2179615952923375,0,0,-1.2833779959266223,-1.2369179574370233,-1.2769211326118397,1.8,26,2,1.88,2,13,78.17,0.49,1.42,1.8,0.07692304733728948,15.0,0.6307929157063702,0.0,0,15,LOW
2026-01-14,0,0,0,0,-1.2942665721642406,0.5551411835325276,-1.1951747879690813,0,-1.1749957792218813,-1.3339625194218137,-1.3391216644584492,0,0,-1.2224117302729127,-1.2880471719474824,-1.380620554605086,1.6,25,2,1.88,3,11,79.61,0.24,1.08,1.6,0.0799999680000128,14.0,0.30238121426468256,0.0,0,0,LOW
2026-01-15,0,0,0,0,-1.4086386394473827,1.65715842131422,-1.1951747879690813,0,-1.3961653329701176,-1.245268202970895,-1.2179615952923375,0,0,-1.2905754022885187,-1.302363352010411,-1.2677711836124355,1.21,33,2,1.2,4,13,78.0,0.17,1.45,1.21,0.06060604224059325,17.0,0.21842474387450292,0.0,0,0,LOW
2026-01-16,0,0,0,0,-1.3822450854589654,1.2439019571460854,-1.3203239804265767,0,-1.454710214844651,-1.422656835872732,-1.2785416298753933,0,0,-1.3765209017864566,-1.2389631260174419,-1.2677711836124355,1.3,30,1,1.02,2,12,75.97,0.48,1.45,1.3,0.033333322222225924,14.0,0.6358457231625748,0.0,0,5,LOW
2026-01-17,0,0,0,0,-1.2532099326267025,1.7949105760369315,-1.4454731728840722,0,-1.4319427607823325,-1.422656835872732,-1.4602817336245608,0,0,-1.1944688585149625,-1.2491889689195337,-1.380620554605086,1.74,34,0,1.09,2,9,80.27,0.43,1.08,1.74,0.0,11.0,0.5385770868515674,0.0,0,0,LOW
2026-01-18,0,0,0,0,-1.355851531470548,1.5194062665915085,-1.1951747879690813,0,-1.4059228132825399,-1.3339625194218137,-1.2179615952923375,0,0,-1.399806628251415,-1.2553244746607886,-1.2952210306106477,1.39,32,2,1.17,3,13,75.42,0.4,1.36,1.39,0.0624999804687561,16.0,0.5331910779537353,0.0,0,17,LOW
2026-01-19,0,0,0,0,-1.3470536801410755,1.1061498024233738,-1.3203239804265767,0,-1.1359658579721923,-1.3339625194218137,-1.2179615952923375,0,0,-1.2634792842202032,-1.2369179574370233,-1.2647212006126343,1.42,29,1,2.0,3,13,78.64,0.49,1.46,1.42,0.03448274673008733,16.0,0.6269992799745002,0.0,0,0,LOW
2026-01-20,0,0,0,0,-1.3177275090428338,1.2439019571460854,-1.4454731728840722,0,-1.269318088908629,-1.3339625194218137,-1.5208617682076166,0,0,-1.3062403455467637,-1.2737309918845539,-1.4141703676029014,1.52,30,0,1.59,3,8,77.63,0.31,0.97,1.52,0.0,11.0,0.4009311431801419,0.0,0,0,LOW
2026-01-21,0,0,0,0,-1.417436490776855,0.5551411835325276,-1.3203239804265767,0,-1.4384477476572803,-1.3339625194218137,-1.5208617682076166,0,0,-1.3617027122178469,-1.3105440263320844,-1.3196208946090586,1.18,25,1,1.07,3,8,76.32,0.13,1.28,1.18,0.0399999840000064,11.0,0.17062604401810685,0.0,0,24,LOW
2026-01-22,0,0,0,0,-1.4145038736670308,1.5194062665915085,-1.3203239804265767,0,-1.3994178264075918,-1.1565738865199766,-1.4602817336245608,0,0,-1.2478143409619582,-1.298273014849574,-1.4111203846031,1.19,32,1,1.19,5,9,79.01,0.19,0.98,1.19,0.03124999023437805,14.0,0.2410555390693302,0.0,0,5,LOW
2026-01-23,0,0,0,0,-1.4467626618750966,1.9326627307596431,-1.1951747879690813,0,-1.4286902673448585,-1.422656835872732,-1.2179615952923375,0,0,-1.3079338529260331,-1.2819116662062273,-1.3501207246070726,1.08,35,2,1.1,2,13,77.59,0.27,1.18,1.08,0.05714284081633119,15.0,0.34919809244722033,0.0,0,10,LOW
2026-01-24,0,0,0,0,-1.3763798512393168,1.5194062665915085,-1.4454731728840722,0,-1.3246104773456882,-1.3339625194218137,-1.2785416298753933,0,0,-1.3312195793909916,-1.247143800339115,-1.3897705036044903,1.32,32,0,1.42,3,12,77.04,0.44,1.05,1.32,0.0,15.0,0.5744124576485041,0.0,0,0,LOW
2026-01-25,0,0,0,0,-1.4057060223375586,1.9326627307596431,-1.1951747879690813,0,-1.1880057529717774,-1.422656835872732,-1.5208617682076166,0,0,-1.3540819290111328,-1.2410082945978602,-1.3531707076068737,1.22,35,2,1.84,2,8,76.5,0.47,1.17,1.22,0.05714284081633119,10.0,0.6181769540737926,0.0,0,0,LOW
2026-01-26,0,0,0,0,-1.241479464187406,0.9683976477006623,-1.3203239804265767,0,-1.168490792346933,-1.1565738865199766,-1.3391216644584492,0,0,-1.1821909300152569,-1.247143800339115,-1.4050204186034971,1.78,28,1,1.9,5,11,80.56,0.44,1.0,1.78,0.03571427295918823,16.0,0.5491761671023255,0.0,0,12,LOW
2026-01-27,0,0,0,0,-1.4320995763259758,1.3816541118687968,-1.1951747879690813,0,-1.1489758317220886,-1.1565738865199766,-1.399701699041505,0,0,-1.4171650788889294,-1.2839568347866457,-1.2647212006126343,1.13,31,2,1.96,5,10,75.01,0.26,1.46,1.13,0.06451610822061025,15.0,0.34782604042460996,0.0,0,0,LOW
2026-01-28,0,0,0,0,-1.235614229967758,0.5551411835325276,-1.1951747879690813,0,-1.220530687346518,-1.245268202970895,-1.4602817336245608,0,0,-1.2766039664095437,-1.2573696432412071,-1.4080704016032983,1.8,25,2,1.74,4,9,78.33,0.39,0.99,1.8,0.0799999680000128,13.0,0.5003848472690727,0.0,0,12,LOW
2026-01-29,0,0,0,0,-1.455560513204569,1.65715842131422,-1.4454731728840722,0,-1.1847532595343033,-1.3339625194218137,-1.5208617682076166,0,0,-1.3379936089080708,-1.3125891949125026,-1.347070741607271,1.05,33,0,1.85,3,8,76.88,0.12,1.19,1.05,0.0,11.0,0.15633140224968706,0.0,0,0,LOW
2026-01-30,0,0,0,0,-1.455560513204569,1.7949105760369315,-1.4454731728840722,0,-1.2595606085962068,-1.3339625194218137,-1.2785416298753933,0,0,-1.4002300050962326,-1.247143800339115,-1.362320656606278,1.05,34,0,1.62,3,12,75.41,0.44,1.14,1.05,0.0,15.0,0.5869013489527346,0.0,0,5,LOW
2026-01-31,0,0,0,0,-1.3705146170196687,1.2439019571460854,-1.4454731728840722,0,-1.3733978789077994,-1.3339625194218137,-1.2179615952923375,0,0,-1.2694065600476472,-1.2737309918845539,-1.2647212006126343,1.34,30,0,1.27,3,13,78.5,0.31,1.46,1.34,0.0,16.0,0.3964700861401603,0.0,0,5,LOW
2026-02-01,0,0,0,0,-1.440897427655448,1.5194062665915085,-1.1951747879690813,0,-1.1359658579721923,-1.422656835872732,-1.5208617682076166,0,0,-1.2537416167894022,-1.279866497625809,-1.2647212006126343,1.1,32,2,2.0,2,8,78.87,0.28,1.46,1.1,0.0624999804687561,10.0,0.3562793795292811,0.0,0,34,LOW
2026-02-02,0,0,0,0,-1.235614229967758,0.9683976477006623,-1.3203239804265767,0,-1.3701453854703252,-1.245268202970895,-1.5208617682076166,0,0,-1.3989598745617804,-1.298273014849574,-1.386720520604689,1.8,28,1,1.28,4,8,75.44,0.19,1.06,1.8,0.03571427295918823,12.0,0.25249166079845037,0.0,0,5,LOW
2026-02-03,0,0,0,0,-1.3675819999098444,1.65715842131422,-1.3203239804265767,0,-1.158733312034511,-1.422656835872732,-1.2179615952923375,0,0,-1.2795676043232653,-1.2921375091083191,-1.25557125161323,1.35,33,1,1.93,2,13,78.26,0.22,1.49,1.35,0.030303021120296626,15.0,0.28190667838202477,0.0,0,0,LOW
2026-02-04,0,0,0,0,-1.4467626618750966,1.1061498024233738,-1.1951747879690813,0,-1.3929128395326436,-1.3339625194218137,-1.399701699041505,0,0,-1.1944688585149625,-1.2941826776887375,-1.2738711496120383,1.08,29,2,1.21,3,10,80.27,0.21,1.43,1.08,0.06896549346017466,13.0,0.2623032397822583,0.0,0,19,LOW
2026-02-05,0,0,0,0,-1.3910429367884376,0.6928933382552392,-1.1951747879690813,0,-1.3246104773456882,-1.245268202970895,-1.5208617682076166,0,0,-1.2431571956689664,-1.247143800339115,-1.3440207586074697,1.27,26,2,1.42,4,8,79.12,0.44,1.2,1.27,0.07692304733728948,12.0,0.5592271785425548,0.0,0,0,LOW
2026-02-06,0,0,0,0,-1.4057060223375586,1.5194062665915085,-1.1951747879690813,0,-1.2302881676589403,-1.245268202970895,-1.4602817336245608,0,0,-1.4167417020441124,-1.2532793060803702,-1.3196208946090586,1.22,32,2,1.71,4,9,75.02,0.41,1.28,1.22,0.0624999804687561,13.0,0.5495241188146202,0.0,0,10,LOW
2026-02-07,0,0,0,0,-1.3382558288116029,0.5551411835325276,-1.3203239804265767,0,-1.272570582346103,-1.3339625194218137,-1.2785416298753933,0,0,-1.3892222071309794,-1.2389631260174419,-1.3104709456096548,1.45,25,1,1.58,3,12,75.67,0.48,1.31,1.45,0.0399999840000064,15.0,0.6383826787627771,0.0,0,0,LOW
2026-02-08,0,0,0,0,-1.4350321934358,0.9683976477006623,-1.1951747879690813,0,-1.3799028657827472,-1.422656835872732,-1.399701699041505,0,0,-1.3854118155276223,-1.2921375091083191,-1.2708211666122369,1.12,28,2,1.25,2,10,75.76,0.22,1.44,1.12,0.07142854591837645,12.0,0.2912363924759872,0.0,0,0,LOW
2026-02-09,0,0,0,0,-1.4467626618750966,0.8306454929779508,-1.4454731728840722,0,-1.1749957792218813,-1.3339625194218137,-1.4602817336245608,0,0,-1.2194480923591904,-1.2450986317586967,-1.362320656606278,1.08,27,0,1.88,3,9,79.68,0.45,1.14,1.08,0.0,12.0,0.5679666076023466,0.0,0,7,LOW
2026-02-10,0,0,0,0,-1.4643583645340412,0.8306454929779508,-1.1951747879690813,0,-1.4254377739073842,-1.3339625194218137,-1.399701699041505,0,0,-1.2304558903244438,-1.2900923405279006,-1.2647212006126343,1.02,27,2,1.11,3,10,79.42,0.23,1.46,1.02,0.07407404663924198,13.0,0.29044067553470443,0.0,0,19,LOW
2026-02-11,0,0,0,0,-1.2649404010659993,1.1061498024233738,-1.4454731728840722,0,-1.3896603460951695,-1.1565738865199766,-1.399701699041505,0,0,-1.1995493806527713,-1.298273014849574,-1.2860710816112437,1.7,29,0,1.22,5,10,80.15,0.19,1.39,1.7,0.0,15.0,0.23761877968749623,0.0,0,12,LOW
2026-02-12,0,0,0,0,-1.3147948919330097,1.9326627307596431,-1.1951747879690813,0,-1.3311154642206362,-1.245268202970895,-1.399701699041505,0,0,-1.3164013898223816,-1.2941826776887375,-1.4233203166023052,1.53,35,2,1.4,4,10,77.39,0.21,0.94,1.53,0.05714284081633119,14.0,0.2720911800866571,0.0,0,7,LOW
2026-02-13,0,0,0,0,-1.241479464187406,1.7949105760369315,-1.3203239804265767,0,-1.4482052279697026,-1.245268202970895,-1.4602817336245608,0,0,-1.2812611117025352,-1.2389631260174419,-1.4141703676029014,1.78,34,1,1.04,4,9,78.22,0.48,0.97,1.78,0.029411756055365862,13.0,0.6174426784869207,0.0,0,2,LOW
2026-02-14,0,0,0,0,-1.3294579774821307,1.7949105760369315,-1.4454731728840722,0,-1.3799028657827472,-1.422656835872732,-1.3391216644584492,0,0,-1.3299494488565398,-1.2532793060803702,-1.3562206906066752,1.48,34,0,1.25,2,11,77.07,0.41,1.16,1.48,0.0,13.0,0.5348290458088903,0.0,0,0,LOW
2026-02-15,0,0,0,0,-1.3030644234937132,1.3816541118687968,-1.4454731728840722,0,-1.1522283251595626,-1.3339625194218137,-1.399701699041505,0,0,-1.4171650788889294,-1.2410082945978602,-1.3379207926078671,1.57,31,0,1.95,3,10,75.01,0.47,1.22,1.57,0.0,13.0,0.6305338569179155,0.0,0,0,LOW
2026-02-16,0,0,0,0,-1.2532099326267025,1.1061498024233738,-1.1951747879690813,0,-1.3278629707831622,-1.245268202970895,-1.2785416298753933,0,0,-1.2592455157720293,-1.2614599804020437,-1.4141703676029014,1.74,29,2,1.41,4,12,78.74,0.37,0.97,1.74,0.06896549346017466,16.0,0.4721193732143201,0.0,0,7,LOW
2026-02-17,0,0,0,0,-1.3763798512393168,0.8306454929779508,-1.1951747879690813,0,-1.2758230757835771,-1.1565738865199766,-1.2179615952923375,0,0,-1.3426507542010624,-1.3064536891712475,-1.3592706736064768,1.32,27,2,1.57,5,13,76.77,0.15,1.15,1.32,0.07407404663924198,18.0,0.1957713135250178,0.0,0,29,LOW
2026-02-18,0,0,0,0,-1.3763798512393168,1.5194062665915085,-1.3203239804265767,0,-1.2400456479713626,-1.245268202970895,-1.3391216644584492,0,0,-1.205900033325033,-1.2921375091083191,-1.395870469604093,1.32,32,1,1.68,4,11,80.0,0.22,1.03,1.32,0.03124999023437805,15.0,0.2757583008575707,0.0,0,15,LOW
2026-02-19,0,0,0,0,-1.3499862972508996,1.65715842131422,-1.1951747879690813,0,-1.2563081151587328,-1.422656835872732,-1.399701699041505,0,0,-1.216061077600651,-1.2389631260174419,-1.3013209966102506,1.41,33,2,1.63,2,10,79.76,0.48,1.34,1.41,0.06060604224059325,12.0,0.6054489650039145,0.0,0,0,LOW
2026-02-20,0,0,0,0,-1.3910429367884376,0.8306454929779508,-1.4454731728840722,0,-1.4449527345322288,-1.3339625194218137,-1.4602817336245608,0,0,-1.20971042492839,-1.2553244746607886,-1.313520928609456,1.27,27,0,1.05,3,9,79.91,0.4,1.3,1.27,0.0,12.0,0.5030813101394404,0.0,0,12,LOW
2026-02-21,0,0,0,0,-1.238546847077582,1.3816541118687968,-1.3203239804265767,0,-1.3311154642206362,-1.3339625194218137,-1.2179615952923375,0,0,-1.262209153685751,-1.2532793060803702,-1.3531707076068737,1.79,31,1,1.4,3,13,78.67,0.41,1.17,1.79,0.03225805411030513,16.0,0.5238946429983844,0.0,0,7,LOW
2026-02-22,0,0,0,0,-1.4350321934358,0.9683976477006623,-1.4454731728840722,0,-1.2010157267216737,-1.422656835872732,-1.3391216644584492,0,0,-1.2427338188241495,-1.2430534631782786,-1.2769211326118397,1.12,28,0,1.8,2,11,79.13,0.46,1.42,1.12,0.0,13.0,0.5847209120731013,0.0,0,2,LOW
2026-02-23,0,0,0,0,-1.3059970406035375,0.8306454929779508,-1.3203239804265767,0,-1.2432981414088367,-1.422656835872732,-1.3391216644584492,0,0,-1.2994663160296844,-1.2716858233041355,-1.2677711836124355,1.56,27,1,1.67,2,11,77.79,0.32,1.45,1.56,0.03703702331962099,13.0,0.4130630678891095,0.0,0,17,LOW
2026-02-24,0,0,0,0,-1.238546847077582,1.5194062665915085,-1.4454731728840722,0,-1.220530687346518,-1.1565738865199766,-1.2785416298753933,0,0,-1.2664429221339255,-1.2389631260174419,-1.2738711496120383,1.79,32,0,1.74,5,12,78.57,0.48,1.43,1.79,0.0,17.0,0.6146752958541047,0.0,0,27,LOW
2026-02-25,0,0,0,0,-1.3587841485803722,0.9683976477006623,-1.3203239804265767,0,-1.3181054904707403,-1.1565738865199766,-1.2179615952923375,0,0,-1.3515416679422283,-1.2962278462691559,-1.3196208946090586,1.38,28,1,1.44,5,13,76.56,0.2,1.28,1.38,0.03571427295918823,18.0,0.26191719985369305,0.0,0,27,LOW
2026-02-26,0,0,0,0,-1.3030644234937132,0.8306454929779508,-1.4454731728840722,0,-1.3376204510955845,-1.422656835872732,-1.4602817336245608,0,0,-1.35789232061449,-1.2900923405279006,-1.2708211666122369,1.57,27,0,1.38,2,9,76.41,0.23,1.44,1.57,0.0,11.0,0.3019164738886225,0.0,0,0,LOW
2026-02-27,0,0,0,0,-1.4350321934358,0.5551411835325276,-1.4454731728840722,0,-1.1912582464092514,-1.1565738865199766,-1.3391216644584492,0,0,-1.3633962195971163,-1.2819116662062273,-1.3745205886054832,1.12,25,0,1.83,5,11,76.28,0.27,1.1,1.12,0.0,16.0,0.3552163721594037,0.0,0,7,LOW
2026-02-28,0,0,0,0,-1.3793124683491413,0.5551411835325276,-1.3203239804265767,0,-1.3636403985953771,-1.1565738865199766,-1.3391216644584492,0,0,-1.221988353428095,-1.2389631260174419,-1.4324702656017094,1.31,25,1,1.3,5,11,79.62,0.48,0.91,1.31,0.0399999840000064,16.0,0.606520014339144,0.0,0,15,LOW
2026-03-01,0,0,0,0,-1.3793124683491413,0.9683976477006623,-1.3203239804265767,0,-1.3181054904707403,-1.3339625194218137,-1.3391216644584492,0,0,-1.1910818437564232,-1.2491889689195337,-1.3379207926078671,1.31,28,1,1.44,3,11,80.35,0.43,1.22,1.31,0.03571427295918823,14.0,0.5380379707159697,0.0,0,19,LOW
2026-03-02,0,0,0,0,-1.4643583645340412,0.8306454929779508,-1.1951747879690813,0,-1.2888330495334734,-1.3339625194218137,-1.3391216644584492,0,0,-1.3320663330806268,-1.2614599804020437,-1.362320656606278,1.02,27,2,1.53,3,11,77.02,0.37,1.14,1.02,0.07407404663924198,14.0,0.4827135704222348,0.0,0,2,LOW
2026-03-03,0,0,0,0,-1.256142549736527,1.5194062665915085,-1.4454731728840722,0,-1.4449527345322288,-1.1565738865199766,-1.4602817336245608,0,0,-1.2672896758235601,-1.2614599804020437,-1.420270333602504,1.73,32,0,1.05,5,9,78.55,0.37,0.95,1.73,0.0,14.0,0.4732667596230801,0.0,0,5,LOW
2026-03-04,0,0,0,0,-1.3822450854589654,1.3816541118687968,-1.3203239804265767,0,-1.1912582464092514,-1.1565738865199766,-1.399701699041505,0,0,-1.363819596441934,-1.2900923405279006,-1.2952210306106477,1.3,31,1,1.83,5,10,76.27,0.23,1.36,1.3,0.03225805411030513,15.0,0.3024723431782821,0.0,0,0,LOW
2026-03-05,0,0,0,0,-1.3587841485803722,0.6928933382552392,-1.1951747879690813,0,-1.4482052279697026,-1.3339625194218137,-1.2179615952923375,0,0,-1.2274922524107221,-1.3125891949125026,-1.2616712176128329,1.38,26,2,1.04,3,13,79.49,0.12,1.47,1.38,0.07692304733728948,16.0,0.1511906071323413,0.0,0,0,LOW
2026-03-06,0,0,0,0,-1.4643583645340412,1.5194062665915085,-1.1951747879690813,0,-1.4254377739073842,-1.3339625194218137,-1.4602817336245608,0,0,-1.3549286827007676,-1.247143800339115,-1.32267087760886,1.02,32,2,1.11,3,9,76.48,0.44,1.27,1.02,0.0624999804687561,12.0,0.578642743471496,0.0,0,17,LOW
2026-03-07,0,0,0,0,-1.2473446984070544,1.1061498024233738,-1.4454731728840722,0,-1.272570582346103,-1.422656835872732,-1.4602817336245608,0,0,-1.2994663160296844,-1.2962278462691559,-1.3684206226058806,1.76,29,0,1.58,2,9,77.79,0.2,1.12,1.76,0.0,11.0,0.25776514270329387,0.0,0,22,LOW
2026-03-08,0,0,1,1,0.3128076040193929,0.14188471936439304,0.3066155215208637,1,0.27236380045407854,0.0851465437928818,0.11479916553489102,1,0,0.252633197071007,0.06994476545030799,0.40666948327851576,7.08,22,14,6.33,19,35,114.45,6.88,6.94,24.78,0.6363633471075695,59.0,6.395834675482506,0.5714285714285714,4,46,MEDIUM
2026-03-09,0,0,0,1,0.1720419827478336,0.14188471936439304,0.05631713660587285,1,0.11624411545532319,-0.0035477726580366627,0.4782793730332261,1,0,0.2179162957959776,0.1660676887299708,0.30297006128526904,6.6,22,12,5.85,18,41,113.63,7.35,6.6,13.2,0.5454542975207739,64.0,6.915693741466527,1.0,7,47,MEDIUM
2026-03-10,0,0,1,1,0.3362685408979861,0.004132564641681503,0.05631713660587285,1,0.14226406295511576,0.2625351766947187,0.4782793730332261,1,0,0.039251267283022986,0.12516431712160378,0.12302106429698835,7.16,21,12,5.93,21,41,109.41,7.15,6.01,25.060000000000002,0.5714282993198575,67.0,6.9919805405847315,1.5714285714285714,11,46,MEDIUM
2026-03-11,0,0,1,1,0.33040330667833767,-0.13361959008103003,0.3066155215208637,1,0.26585881357913027,0.3512294931456372,0.4176993384501702,1,0,0.2323111085197703,0.13743532860411384,0.25417033328844735,7.14,20,14,6.31,22,40,113.97,7.21,6.44,24.99,0.699999650000175,67.0,6.753465084913349,2.142857142857143,15,43,MEDIUM
2026-03-12,0,0,1,1,0.27761619870150306,-0.4091238995264531,0.18146632906336826,1,0.28862626764144883,0.0851465437928818,0.4782793730332261,1,0,0.2314643548301356,0.11289330563909351,0.21757053729083092,6.96,18,13,6.38,19,41,113.95,7.09,6.32,24.36,0.7222218209878772,65.0,6.634848714687562,2.7142857142857144,19,46,MEDIUM
2026-03-13,0,0,0,1,0.3626620948864034,-0.13361959008103003,0.05631713660587285,1,0.16177902357996032,0.2625351766947187,0.4782793730332261,1,0,0.16668769757306906,0.1292546542824404,0.22367050329043353,7.25,20,12,5.99,21,41,112.42,7.17,6.34,14.5,0.59999970000015,67.0,6.81235089668875,3.142857142857143,22,51,MEDIUM
2026-03-14,0,0,1,1,0.3773251804355241,-0.4091238995264531,0.3066155215208637,1,0.3113937217037674,0.17384086024380027,0.3571193038671144,1,0,0.10826169298826419,0.17220319447122592,0.33346989128328286,7.3,18,14,6.45,20,39,111.04,7.38,6.7,25.55,0.7777773456792524,64.0,7.119428215374472,3.7142857142857144,26,47,MEDIUM
2026-03-15,0,0,0,1,0.21309862228537185,0.004132564641681503,0.18146632906336826,1,0.2593538267041823,0.2625351766947187,0.4176993384501702,1,0,0.12519676678096095,0.10675779989783839,0.19317067329241996,6.74,21,13,6.29,21,40,111.44,7.06,6.24,13.48,0.619047324263179,66.0,6.763747196421997,3.5714285714285716,29,50,MEDIUM
2026-03-16,0,0,0,1,0.22776170783449254,0.14188471936439304,0.3066155215208637,1,0.1129916220178492,0.17384086024380027,0.29653926928405855,1,0,0.1247733899361439,0.041312405324451025,0.3212699592840774,6.79,22,14,5.84,20,38,111.43,6.74,6.66,13.58,0.6363633471075695,63.0,6.438054595658171,3.5714285714285716,32,36,MEDIUM
2026-03-17,0,0,1,1,0.24535741049343734,-0.4091238995264531,0.3066155215208637,1,0.17804149076733058,0.0851465437928818,0.2359592347010027,1,0,0.13705131843584897,0.055628585387379414,0.19012069029261866,6.85,18,14,6.04,19,37,111.72,6.81,6.23,23.974999999999998,0.7777773456792524,61.0,6.491277619742863,3.5714285714285716,36,47,MEDIUM
2026-03-18,0,0,0,1,0.19843553673625117,-0.13361959008103003,0.05631713660587285,1,0.27236380045407854,0.3512294931456372,0.3571193038671144,1,0,0.20944875889962952,0.04949307964612447,0.29992007828546774,6.69,20,12,6.33,22,39,113.43,6.78,6.59,13.38,0.59999970000015,66.0,6.357242723183992,3.4285714285714284,39,45,MEDIUM
2026-03-19,0,0,1,1,0.21016600517554776,-0.4091238995264531,0.3066155215208637,1,0.09672915483047892,0.17384086024380027,0.11479916553489102,1,0,0.06761751588579074,-0.00572647202517132,0.28162018028665964,6.73,18,14,5.79,20,35,110.08,6.51,6.53,23.555,0.7777773456792524,60.0,6.285603332470472,3.4285714285714284,43,44,MEDIUM
2026-03-20,0,0,0,1,0.33040330667833767,0.004132564641681503,0.18146632906336826,1,0.1129916220178492,0.17384086024380027,0.29653926928405855,1,0,0.2132591505029859,0.012680045198593882,0.12302106429698835,7.14,21,13,5.84,20,38,113.52,6.6,6.01,14.28,0.619047324263179,63.0,6.172838928840354,3.4285714285714284,46,43,MEDIUM
2026-03-21,0,0,0,1,0.21603123939519595,0.14188471936439304,0.3066155215208637,1,0.2268288923294417,0.2625351766947187,0.11479916553489102,1,0,0.24077864541611899,0.01472521377901238,0.14132096229579671,6.75,22,14,6.19,21,35,114.17,6.61,6.07,13.5,0.6363633471075695,61.0,6.145406643231067,3.2857142857142856,49,35,MEDIUM
2026-03-22,0,0,0,1,0.18670506829695455,0.004132564641681503,0.3066155215208637,1,0.19755645139217487,-0.0035477726580366627,0.3571193038671144,1,0,0.1649941901937991,0.0535834168069611,0.42191939827752256,6.65,21,14,6.1,18,39,112.38,6.8,6.99,13.3,0.6666663492065004,62.0,6.4406131425825786,3.2857142857142856,52,46,MEDIUM
2026-03-23,0,0,0,1,0.3714599462158759,-0.13361959008103003,0.3066155215208637,1,0.20406143826712314,0.3512294931456372,0.29653926928405855,1,0,0.11842273726388224,0.17833870021248108,0.21147057129122804,7.28,20,14,6.12,22,38,111.28,7.41,6.3,14.56,0.699999650000175,65.0,7.133916709933887,3.2857142857142856,55,46,MEDIUM
2026-03-24,0,0,0,1,0.4213144370828864,-0.2713717448037416,0.3066155215208637,1,0.028426792643523532,0.0851465437928818,0.17537920011794686,1,0,0.07481492224768709,0.0351768995831959,0.3212699592840774,7.45,19,14,5.58,19,36,110.25,6.71,6.66,14.9,0.7368417174517277,60.0,6.480586586769693,3.142857142857143,58,51,MEDIUM
2026-03-25,0,0,0,1,0.26295311315238235,-0.13361959008103003,0.3066155215208637,1,0.28212128076650084,0.17384086024380027,0.4176993384501702,1,0,0.19717083039992384,0.08835128267407319,0.12912103029659122,6.91,20,14,6.36,20,40,113.14,6.97,6.03,13.82,0.699999650000175,65.0,6.5649423975753605,3.142857142857143,61,42,MEDIUM
2026-03-26,0,0,0,1,0.3450663922274586,-0.4091238995264531,0.3066155215208637,1,0.07396170076816036,0.0851465437928818,0.29653926928405855,1,0,0.256443588674364,0.15379667724746074,0.31212001028467323,7.19,18,14,5.72,19,38,114.54,7.29,6.63,14.38,0.7777773456792524,62.0,6.797202163431034,3.0,64,42,MEDIUM
2026-03-27,0,0,0,1,0.4095839686435898,0.14188471936439304,0.18146632906336826,1,0.14551655639259004,0.17384086024380027,0.3571193038671144,1,0,0.23188773167495266,0.006544539457338936,0.17182079229381028,7.41,22,13,5.94,20,39,113.96,6.57,6.17,14.82,0.5909088223141716,64.0,6.117887501826288,3.0,67,41,MEDIUM
2026-03-28,0,0,1,1,0.3450663922274586,-0.4091238995264531,0.3066155215208637,1,0.015416818893627256,0.2625351766947187,0.29653926928405855,1,0,0.1997110914688285,0.1844742059537362,0.27247023128725545,7.19,18,14,5.54,21,38,113.2,7.44,6.5,25.165000000000003,0.7777773456792524,64.0,7.034795098827998,3.142857142857143,71,49,MEDIUM
2026-03-29,0,0,1,1,0.3567968606667552,-0.4091238995264531,0.3066155215208637,1,0.2691113070166045,0.3512294931456372,0.3571193038671144,1,0,0.17515523446941775,-0.001636134864334507,0.19012069029261866,7.23,18,14,6.32,22,39,112.62,6.53,6.23,25.305,0.7777773456792524,66.0,6.155150706461429,3.2857142857142856,75,48,MEDIUM
2026-03-30,0,0,0,1,0.3655947119962275,0.14188471936439304,0.18146632906336826,1,0.20731393170459714,0.17384086024380027,0.17537920011794686,1,0,0.06634738535133841,0.09857712557616495,0.25417033328844735,7.26,22,13,6.13,20,36,110.05,7.02,6.44,14.52,0.5909088223141716,61.0,6.813548790299059,3.2857142857142856,78,42,MEDIUM
2026-03-31,0,0,1,1,0.4271796713025346,-0.2713717448037416,0.18146632906336826,1,0.13575907608016777,-0.0035477726580366627,0.4782793730332261,1,0,0.14128508688402303,0.07608027119156312,0.21757053729083092,7.47,19,13,5.91,18,41,111.82,6.91,6.32,26.145,0.6842101662051757,64.0,6.586597408579029,3.4285714285714284,82,47,MEDIUM
2026-04-01,0,0,1,1,0.22776170783449254,-0.13361959008103003,0.18146632906336826,1,0.1064866351429012,0.2625351766947187,0.11479916553489102,1,0,0.2619474876569904,0.15788701440829736,0.28772014628626225,6.79,20,13,5.82,21,35,114.67,7.31,6.55,23.765,0.6499996750001625,61.0,6.8088667279371515,3.5714285714285716,86,46,MEDIUM
2026-04-02,0,0,1,1,0.39492088309446916,-0.4091238995264531,0.05631713660587285,1,0.1715365038923823,0.2625351766947187,0.29653926928405855,1,0,0.2314643548301356,-0.007771640605589635,0.38531960227990614,7.36,18,12,6.02,21,38,113.95,6.5,6.87,25.76,0.6666662962965021,64.0,6.049324704576574,3.7142857142857144,90,51,MEDIUM
2026-04-03,0,0,1,1,0.32747068956851355,0.004132564641681503,0.05631713660587285,1,0.012164325456153258,0.17384086024380027,0.29653926928405855,1,0,0.2149526578822559,0.03313173100277758,0.28772014628626225,7.13,21,12,5.53,20,38,113.56,6.7,6.55,24.955,0.5714282993198575,63.0,6.269885245191349,3.857142857142857,94,43,MEDIUM
2026-04-04,0,0,0,1,0.3509316264471068,-0.4091238995264531,0.18146632906336826,1,0.3113937217037674,0.0851465437928818,0.4782793730332261,1,0,0.10064090978155019,-0.00572647202517132,0.24502038428904319,7.21,18,13,6.45,19,41,110.86,6.51,6.41,14.42,0.7222218209878772,65.0,6.238619430894161,3.7142857142857144,97,43,MEDIUM
2026-04-05,0,0,0,1,0.28934666714079965,-0.2713717448037416,0.18146632906336826,1,0.18129398420480458,0.2625351766947187,0.29653926928405855,1,0,0.20394485991700256,0.09653195699574663,0.20232062229182388,7.0,19,13,6.05,21,38,113.3,7.01,6.27,14.0,0.6842101662051757,64.0,6.595163552999948,3.5714285714285716,100,43,MEDIUM
2026-04-06,0,0,1,1,0.19843553673625117,0.004132564641681503,0.18146632906336826,1,0.30488873482881906,-0.0035477726580366627,0.2359592347010027,1,0,0.17430848077978248,0.1456160029257873,0.16267084329440612,6.69,21,13,6.43,18,37,112.6,7.25,6.14,23.415000000000003,0.619047324263179,60.0,6.88182184320628,3.7142857142857144,104,39,MEDIUM
2026-04-07,0,0,1,1,0.3831904146551725,-0.2713717448037416,0.18146632906336826,1,0.17804149076733058,0.2625351766947187,0.4782793730332261,1,0,0.09386688026447147,0.0535834168069611,0.29992007828546774,7.32,19,13,6.04,21,41,110.7,6.8,6.59,25.62,0.6842101662051757,67.0,6.544753941794615,3.7142857142857144,108,48,MEDIUM
2026-04-08,0,0,1,1,0.23949217627378916,-0.2713717448037416,0.3066155215208637,1,0.12600159576774547,0.0851465437928818,0.4176993384501702,1,0,0.2157994115718906,0.06994476545030799,0.40361950027871424,6.83,19,14,5.88,19,40,113.58,6.88,6.93,23.905,0.7368417174517277,64.0,6.4479844003763445,3.7142857142857144,112,49,MEDIUM
2026-04-09,0,0,1,1,0.15444628008888883,-0.2713717448037416,0.18146632906336826,1,0.31464621514124136,0.2625351766947187,0.4176993384501702,1,0,0.2111422662788989,0.13743532860411384,0.36701970428109776,6.54,19,13,6.46,21,40,113.47,7.21,6.81,22.89,0.6842101662051757,66.0,6.785243103214464,3.7142857142857144,116,47,MEDIUM
2026-04-10,0,0,0,1,0.28934666714079965,0.14188471936439304,0.18146632906336826,1,0.008911832018678971,0.2625351766947187,0.11479916553489102,1,0,0.1717682197108784,0.1701580258908076,0.38531960227990614,7.0,22,13,5.52,21,35,112.54,7.37,6.87,14.0,0.5909088223141716,61.0,7.007701149785952,3.5714285714285716,119,46,MEDIUM
2026-04-11,0,0,0,1,0.26295311315238235,0.14188471936439304,0.3066155215208637,1,0.13250658264269377,0.17384086024380027,0.2359592347010027,1,0,0.18827991665875812,0.022905888100685824,0.26332028228785126,6.91,22,14,5.9,20,37,112.93,6.65,6.47,13.82,0.6363633471075695,62.0,6.25705624227924,3.5714285714285716,122,39,MEDIUM
2026-04-12,0,0,0,1,0.39198826598464476,0.004132564641681503,0.3066155215208637,1,0.015416818893627256,0.17384086024380027,0.4176993384501702,1,0,0.23823838434721434,0.1681128573103893,0.23587043528963902,7.35,21,14,5.54,20,40,114.11,7.36,6.38,14.7,0.6666663492065004,65.0,6.894612937272793,3.5714285714285716,125,43,MEDIUM
2026-04-13,0,0,0,1,0.21016600517554776,-0.4091238995264531,0.3066155215208637,1,0.2300813857669157,-0.0035477726580366627,0.29653926928405855,1,0,0.1959006998654715,0.051538248226542786,0.19012069029261866,6.73,18,14,6.2,18,38,113.11,6.79,6.23,13.46,0.7777773456792524,61.0,6.386380136721207,3.4285714285714284,128,42,MEDIUM
2026-04-14,0,0,0,1,0.2717509644818549,-0.13361959008103003,0.18146632906336826,1,0.14226406295511576,-0.0035477726580366627,0.2359592347010027,1,0,0.19801758408955852,0.17629353163206274,0.13522099629619383,6.94,20,13,5.93,18,37,113.16,7.4,6.05,13.88,0.6499996750001625,60.0,6.996973619802041,3.2857142857142856,131,39,MEDIUM
2026-04-15,0,0,0,1,0.2981445184702722,0.004132564641681503,0.3066155215208637,1,0.22357639889196743,-0.0035477726580366627,0.3571193038671144,1,0,0.16584094388343437,0.15379667724746074,0.17182079229381028,7.03,21,14,6.18,18,39,112.4,7.29,6.17,14.06,0.6666663492065004,62.0,6.935590625478963,3.142857142857143,134,42,MEDIUM
2026-04-16,0,0,1,1,0.4095839686435898,-0.4091238995264531,0.18146632906336826,1,0.2951312545163971,0.17384086024380027,0.4176993384501702,1,0,0.058303225299807374,0.08630611409365488,0.19622065629222127,7.41,18,13,6.4,20,40,109.86,6.96,6.25,25.935000000000002,0.7222218209878772,65.0,6.763847739179034,3.142857142857143,138,47,MEDIUM
2026-04-17,0,0,0,1,0.16324413141836136,-0.13361959008103003,0.18146632906336826,1,0.27886878732902654,0.2625351766947187,0.4176993384501702,1,0,0.2619474876569904,0.19470004885582795,0.21147057129122804,6.57,20,13,6.35,21,40,114.67,7.49,6.3,13.14,0.6499996750001625,66.0,6.988243423377176,3.142857142857143,141,52,MEDIUM
2026-04-18,0,0,0,1,0.4359775226320071,-0.13361959008103003,0.3066155215208637,1,0.09998164826795292,0.17384086024380027,0.3571193038671144,1,0,0.23866176119203197,0.01472521377901238,0.23587043528963902,7.5,20,14,5.8,20,39,114.12,6.61,6.38,15.0,0.699999650000175,64.0,6.148264705770188,3.142857142857143,144,45,MEDIUM
2026-04-19,0,0,1,1,0.22189647361484413,0.004132564641681503,0.18146632906336826,1,0.25610133326670825,-0.0035477726580366627,0.3571193038671144,1,0,0.16584094388343437,0.13334499144327722,0.34566982328248835,6.77,21,13,6.28,18,39,112.4,7.19,6.74,23.695,0.619047324263179,62.0,6.83395049577507,3.2857142857142856,148,48,MEDIUM
2026-04-20,0,0,0,1,0.3216054553488654,-0.4091238995264531,0.3066155215208637,1,0.21381891857954544,0.0851465437928818,0.4176993384501702,1,0,0.11122533090198589,0.12311914854118527,0.30907002728487193,7.11,18,14,6.15,19,40,111.11,7.14,6.62,14.22,0.7777773456792524,64.0,6.867364925712713,3.2857142857142856,151,46,MEDIUM
2026-04-21,0,0,1,1,0.3743925633257,0.004132564641681503,0.05631713660587285,1,0.06745671389321237,0.17384086024380027,0.2359592347010027,1,0,0.030360353541857257,0.06585442828947136,0.15962086029460482,7.29,21,12,5.7,20,37,109.2,6.86,6.13,25.515,0.5714282993198575,62.0,6.703145719841146,3.4285714285714284,155,37,MEDIUM
2026-04-22,0,0,1,1,0.2981445184702722,-0.13361959008103003,0.3066155215208637,1,0.2853737742039748,0.2625351766947187,0.4782793730332261,1,0,0.25390332760545936,0.16197735156913418,0.19927063929202257,7.03,20,14,6.37,21,41,114.48,7.33,6.26,24.605,0.699999650000175,67.0,6.840876636409086,3.5714285714285716,159,47,MEDIUM
2026-04-23,0,0,0,1,0.2805488158113271,0.14188471936439304,0.18146632906336826,1,0.03167928608099753,0.2625351766947187,0.4782793730332261,1,0,0.04094477466229296,0.1456160029257873,0.19012069029261866,6.97,22,13,5.59,21,41,109.45,7.25,6.23,13.94,0.5909088223141716,67.0,7.093932769673897,3.4285714285714284,162,46,MEDIUM
2026-04-24,0,0,1,1,0.1456484287594163,0.004132564641681503,0.3066155215208637,1,0.30814122826629337,0.17384086024380027,0.3571193038671144,1,0,0.15822016067672037,0.08426094551323655,0.3243199422838787,6.51,21,14,6.44,20,39,112.22,6.95,6.67,22.785,0.6666663492065004,64.0,6.602070238237842,3.5714285714285716,166,56,MEDIUM
2026-04-25,0,0,0,1,0.3392011580078102,-0.2713717448037416,0.3066155215208637,1,0.02192180576857525,0.17384086024380027,0.3571193038671144,1,0,0.14170846372884066,0.11902881138034864,0.40666948327851576,7.17,19,14,5.56,20,39,111.83,7.12,6.94,14.34,0.7368417174517277,64.0,6.799731945398535,3.5714285714285716,169,46,MEDIUM
2026-04-26,0,0,1,1,0.4095839686435898,0.004132564641681503,0.05631713660587285,1,0.034931779518471526,-0.0035477726580366627,0.2359592347010027,1,0,0.09852402555746316,0.07608027119156312,0.16267084329440612,7.41,21,12,5.6,18,37,110.81,6.91,6.14,25.935000000000002,0.5714282993198575,60.0,6.6506249614412924,3.5714285714285716,173,45,MEDIUM
2026-04-27,0,0,0,1,0.25708787893273394,0.14188471936439304,0.3066155215208637,1,0.239838866079338,0.3512294931456372,0.29653926928405855,1,0,0.11630585303979522,0.18651937453415451,0.33346989128328286,6.89,22,14,6.23,22,38,111.23,7.45,6.7,13.78,0.6363633471075695,65.0,7.178646446459197,3.5714285714285716,176,46,MEDIUM
2026-04-28,0,0,1,1,0.333335923788162,-0.13361959008103003,0.05631713660587285,1,0.14551655639259004,0.17384086024380027,0.11479916553489102,1,0,0.23358123905422265,0.11902881138034864,0.40666948327851576,7.15,20,12,5.94,20,35,114.0,7.12,6.94,25.025000000000002,0.59999970000015,60.0,6.661676023421031,3.5714285714285716,180,43,MEDIUM
2026-04-29,0,0,0,1,0.39492088309446916,0.004132564641681503,0.18146632906336826,1,0.06420422045573837,0.17384086024380027,0.11479916553489102,1,0,0.047295427334554024,0.13334499144327722,0.28467016328646094,7.36,21,13,5.69,20,35,109.6,7.19,6.54,14.72,0.619047324263179,60.0,7.020798064564198,3.4285714285714284,183,49,MEDIUM
2026-04-30,0,0,0,1,0.4213144370828864,-0.4091238995264531,0.18146632906336826,1,0.08046668764310864,0.3512294931456372,0.11479916553489102,1,0,0.2314643548301356,0.010634876618175568,0.18402072429301577,7.45,18,13,5.74,22,35,113.95,6.59,6.21,14.9,0.7222218209878772,62.0,6.138225955828432,3.4285714285714284,186,46,MEDIUM
2026-05-01,0,0,0,1,0.3743925633257,-0.2713717448037416,0.18146632906336826,1,0.25284883982923395,0.3512294931456372,0.17537920011794686,1,0,0.07396816855805241,0.16197735156913418,0.28772014628626225,7.29,19,13,6.27,22,36,110.23,7.33,6.55,14.58,0.6842101662051757,63.0,7.123420104623896,3.2857142857142856,189,48,MEDIUM
2026-05-02,0,0,0,1,0.22482909072466847,-0.4091238995264531,0.05631713660587285,1,0.005659338581204975,0.0851465437928818,0.11479916553489102,1,0,0.2716851550877914,0.19470004885582795,0.28467016328646094,6.78,18,12,5.51,19,35,114.9,7.49,6.54,13.56,0.6666662962965021,59.0,6.9732793060907445,3.2857142857142856,192,41,MEDIUM
2026-05-03,0,0,0,1,0.31574022112921696,-0.4091238995264531,0.3066155215208637,1,0.02192180576857525,0.2625351766947187,0.3571193038671144,1,0,0.025703208248865572,0.04744791106570597,0.15962086029460482,7.09,18,14,5.56,21,39,109.09,6.77,6.13,14.18,0.7777773456792524,65.0,6.616496616839656,3.142857142857143,195,50,MEDIUM
2026-05-04,0,0,1,1,0.3714599462158759,0.14188471936439304,0.18146632906336826,1,0.15202154326753803,0.3512294931456372,0.11479916553489102,1,0,0.15229288484927636,0.01472521377901238,0.27247023128725545,7.28,22,13,5.96,22,35,112.08,6.61,6.5,25.48,0.5909088223141716,62.0,6.267184387296446,3.2857142857142856,199,41,MEDIUM
2026-05-05,0,0,0,1,0.160311514308537,0.004132564641681503,0.05631713660587285,1,0.2951312545163971,0.2625351766947187,0.4176993384501702,1,0,0.14340197110811065,0.07403510261114479,0.33041990828348156,6.56,21,12,6.4,21,40,111.87,6.9,6.69,13.12,0.5714282993198575,66.0,6.57330603283738,3.142857142857143,202,48,MEDIUM
2026-05-06,0,0,1,1,0.3216054553488654,-0.13361959008103003,0.18146632906336826,1,0.32440369545366365,0.3512294931456372,0.4176993384501702,1,0,0.0384045135933883,0.04949307964612447,0.31212001028467323,7.11,20,13,6.49,22,40,109.39,6.78,6.63,24.885,0.6499996750001625,67.0,6.607542480504583,3.2857142857142856,206,55,MEDIUM
2026-05-07,0,0,1,1,0.274683581591679,-0.2713717448037416,0.18146632906336826,1,0.14876904983006403,0.3512294931456372,0.4176993384501702,1,0,0.1755786113142348,0.012680045198593882,0.33346989128328286,6.95,19,13,5.95,22,40,112.63,6.6,6.7,24.325,0.6842101662051757,67.0,6.22465281291589,3.4285714285714284,210,43,MEDIUM
2026-05-08,0,0,0,1,0.26295311315238235,-0.13361959008103003,0.3066155215208637,1,0.08371918108058264,0.17384086024380027,0.29653926928405855,1,0,0.23188773167495266,0.07403510261114479,0.34261984028268705,6.91,20,14,5.75,20,38,113.96,6.9,6.73,13.82,0.699999650000175,63.0,6.444983519056276,3.4285714285714284,213,44,MEDIUM
2026-05-09,0,0,0,1,0.3450663922274586,-0.13361959008103003,0.05631713660587285,1,0.18454647764227858,0.2625351766947187,0.11479916553489102,1,0,0.14255521741847535,0.010634876618175568,0.14742092829539932,7.19,20,12,6.06,21,35,111.85,6.59,6.09,14.38,0.59999970000015,61.0,6.260687225851489,3.4285714285714284,216,43,MEDIUM
2026-05-10,0,0,1,1,0.3392011580078102,-0.4091238995264531,0.18146632906336826,1,0.19755645139217487,0.2625351766947187,0.4782793730332261,1,0,0.12604352047059564,0.1701580258908076,0.40666948327851576,7.17,18,13,6.1,21,41,111.46,7.37,6.94,25.095,0.7222218209878772,67.0,7.080410502410367,3.5714285714285716,220,47,MEDIUM
2026-05-11,0,0,1,1,0.1720419827478336,0.14188471936439304,0.18146632906336826,1,0.038184272955945814,-0.0035477726580366627,0.2359592347010027,1,0,0.15059937747000698,0.022905888100685824,0.26637026528765284,6.6,22,13,5.61,18,37,112.04,6.65,6.48,23.099999999999998,0.5909088223141716,60.0,6.309895975908912,3.5714285714285716,224,40,MEDIUM
2026-05-12,0,0,1,1,0.3098749869095688,0.14188471936439304,0.05631713660587285,1,0.20080894482964914,0.3512294931456372,0.3571193038671144,1,0,0.22680720953714395,0.1660676887299708,0.4158194322779197,7.07,22,12,6.11,22,39,113.84,7.35,6.97,24.745,0.5454542975207739,66.0,6.90205588298846,3.7142857142857144,228,48,MEDIUM
2026-05-13,1,1,1,1,0.8846679404351018,-1.2356368278627223,0.9323614838083407,1,1.1830619629468173,1.060784024752985,0.7205995113654494,1,1,0.9308829024685268,1.3318137795684357,1.2911645532209124,9.03,12,19,9.13,30,45,130.47,13.05,9.84,76.755,1.5833320138899885,85.0,11.113948976839637,4.142857142857143,235,75,HIGH
2026-05-14,1,1,1,1,0.8963984088743986,-0.9601325184172993,1.1826598687233316,1,1.1115071073223877,1.3268669741057402,0.902339615114617,1,1,1.3267402523728218,1.5036079403235778,0.7848673752538853,9.07,14,21,8.91,33,48,139.82,13.89,8.18,77.095,1.499998928572194,91.0,11.029936390857113,4.571428571428571,242,79,HIGH
2026-05-15,1,0,1,1,0.9843769221691228,-1.2356368278627223,0.9323614838083407,1,1.3066567135708316,0.706006758949311,0.7205995113654494,1,1,1.3102285554249427,1.3440847910509455,1.077665743234817,9.37,12,19,9.51,26,45,139.43,13.11,9.14,60.904999999999994,1.5833320138899885,81.0,10.378403231602022,5.0,248,64,MEDIUM
2026-05-16,1,0,1,1,1.0723554354638474,-1.097884673140011,0.9323614838083407,1,1.3066567135708316,1.2381726576548218,1.0840797188637845,1,1,0.9296127719340744,1.2500070363517013,1.0258160322381937,9.67,13,19,9.51,32,51,130.44,12.65,8.97,62.855,1.4615373372789713,93.0,10.739450654601354,5.428571428571429,254,89,HIGH
2026-05-17,1,0,1,1,0.9785116879494746,-1.097884673140011,0.8072122913508454,1,0.9586399157611064,1.3268669741057402,1.3263998571960078,1,1,0.7932854279028626,1.2622780478342115,1.0929156582338233,9.35,13,18,8.44,33,55,127.22,12.71,9.19,60.775,1.3846143195274465,98.0,11.099466326131664,5.714285714285714,260,75,HIGH
2026-05-18,1,0,1,1,0.8788027062154535,-1.097884673140011,0.8072122913508454,1,0.8220351913871956,0.9720897083020664,0.9629196496976729,1,1,0.9545920057783028,0.8798315232959781,0.8123172222520976,9.01,13,18,8.02,29,49,131.03,10.84,8.27,58.565,1.3846143195274465,88.0,9.019052415421216,6.0,266,65,HIGH
2026-05-19,1,1,1,1,0.9286571970824641,-1.373388982585434,1.1826598687233316,1,1.3749590757577872,1.5042556070075772,1.0234996842807287,1,1,1.0210621704146388,1.282729733638395,1.0349659812375975,9.18,11,21,9.72,35,50,132.6,12.81,9.0,78.03,1.9090891735552968,95.0,10.693713106794132,6.428571428571429,273,93,HIGH
2026-05-20,1,0,1,1,1.0049052419378919,-0.9601325184172993,1.1826598687233316,1,1.0041748238857435,1.1494783412039034,1.265819822612952,1,1,1.088802465585427,0.7714375885338053,0.9221166102449472,9.44,14,21,8.58,31,54,134.2,10.31,8.63,61.36,1.499998928572194,95.0,8.321897786593127,6.285714285714286,279,68,HIGH
2026-05-21,1,1,1,1,0.8817353233252776,-0.9601325184172993,0.8072122913508454,1,0.974902382948477,1.060784024752985,0.7811795459485052,1,1,0.9744907174847219,1.3645364768551294,1.1081655732328304,9.02,14,18,8.49,30,46,131.5,13.21,9.24,76.67,1.285713367347595,86.0,11.167468833589583,6.285714285714286,286,79,HIGH
2026-05-22,1,1,1,1,1.028366178816485,-1.373388982585434,1.307809061180827,1,1.2285968710714539,1.060784024752985,0.8417595805315611,1,1,1.0346102294487962,0.9616382665127126,0.9373665252439537,9.52,11,22,9.27,30,47,132.92,11.24,8.68,80.92,1.9999981818198347,87.0,9.237343093577985,6.428571428571429,293,100,HIGH
2026-05-23,1,0,1,1,1.1427382460996272,-1.373388982585434,0.9323614838083407,1,0.9814073698234249,0.7947010754002295,0.902339615114617,1,1,0.9952361828807762,1.3031814194425786,1.2301648932248852,9.91,11,19,8.51,27,48,131.99,12.91,9.64,64.415,1.727271157026221,85.0,10.841450214859739,6.428571428571429,299,68,HIGH
2026-05-24,1,0,1,1,1.0518271156950783,-0.9601325184172993,1.307809061180827,1,1.3099092070083056,1.5042556070075772,1.1446597534468403,1,1,1.342828572475884,1.243871530610446,0.8367170862505084,9.6,14,22,9.52,35,52,140.2,12.62,8.35,62.4,1.5714274489803937,97.0,9.89183180029536,6.428571428571429,305,84,HIGH
2026-05-25,1,1,1,1,1.0752880525736714,-1.097884673140011,0.9323614838083407,1,1.1017496270099658,1.060784024752985,1.3263998571960078,1,1,1.4461325226113362,1.2336456877083544,1.3308143322183306,9.68,13,19,8.88,30,55,142.64,12.57,9.97,82.28,1.4615373372789713,95.0,9.66402631936447,6.571428571428571,312,93,HIGH
2026-05-26,1,1,1,1,1.0049052419378919,-1.097884673140011,1.1826598687233316,1,1.1082546138849136,1.3268669741057402,0.7811795459485052,1,1,0.9558621363127552,0.9330059063868554,0.7635174942552756,9.44,13,21,8.9,33,46,131.06,11.1,8.11,80.24,1.615383372782021,89.0,9.253083590106401,6.571428571428571,319,89,HIGH
2026-05-27,1,0,1,1,0.9843769221691228,-0.8223803636945878,1.307809061180827,1,1.0659721991977507,0.706006758949311,1.265819822612952,1,1,0.9423140772785977,1.2356908562887727,1.3247143662187273,9.37,15,22,8.77,26,54,130.74,12.58,9.95,60.904999999999994,1.4666656888895409,90.0,10.646580006213608,6.571428571428571,325,74,HIGH
2026-05-28,1,0,1,1,1.007837859047716,-1.2356368278627223,0.8072122913508454,1,1.1082546138849136,1.2381726576548218,1.2052397880298962,1,1,1.3851662569576266,1.2418263620300276,0.9251665932447485,9.45,12,18,8.9,32,53,141.2,12.61,8.64,61.425,1.4999987500010417,95.0,9.806360540760515,6.428571428571429,331,68,HIGH
2026-05-29,1,1,1,1,1.1632665658683963,-0.8223803636945878,1.307809061180827,1,1.212334403884084,1.2381726576548218,1.1446597534468403,1,1,0.7708464551275388,1.2356908562887727,0.7543675452558717,9.98,15,22,9.22,32,52,126.69,12.58,8.08,84.83,1.4666656888895409,94.0,11.02444912589176,6.428571428571429,338,93,HIGH
2026-05-30,1,1,1,1,0.9843769221691228,-1.097884673140011,0.8072122913508454,1,1.0301947713855362,1.4155612905566588,0.7205995113654494,1,1,0.9389270625200578,1.043445009729447,0.9373665252439537,9.37,13,18,8.66,34,45,130.66,11.64,8.68,79.645,1.3846143195274465,89.0,9.77986810789211,6.571428571428571,345,84,HIGH
2026-05-31,1,1,1,1,0.9579833681807055,-1.373388982585434,1.307809061180827,1,1.2481118316962985,0.7947010754002295,1.0234996842807287,1,1,1.311922062804212,1.2459166991908646,1.2820146042215086,9.28,11,22,9.33,27,50,139.47,12.63,9.81,78.88,1.9999981818198347,87.0,9.957425894242675,6.714285714285714,352,95,HIGH
2026-06-01,1,1,1,1,0.9667812195101783,-0.8223803636945878,1.1826598687233316,1,1.235101857946402,0.706006758949311,0.9629196496976729,1,1,1.2547661887538595,1.2500070363517013,0.8092672392522963,9.31,15,21,9.29,26,49,138.12,12.65,8.26,79.135,1.399999066667289,85.0,10.08209053302857,6.714285714285714,359,82,HIGH
2026-06-02,1,1,1,1,1.1134120750013856,-1.373388982585434,1.1826598687233316,1,1.1472845351346024,1.5042556070075772,1.2052397880298962,1,1,1.2666207404087475,1.3870333312397314,1.1813651652280635,9.81,11,21,9.02,35,53,138.4,13.32,9.48,83.385,1.9090891735552968,98.0,10.649183670516175,6.714285714285714,366,88,HIGH
2026-06-03,1,0,1,1,0.9814443050592987,-1.2356368278627223,0.9323614838083407,1,0.9163575010739439,1.2381726576548218,0.902339615114617,1,1,0.8521348093324858,0.8839218604568148,1.3094644512197209,9.36,12,19,8.31,32,48,128.61,10.86,9.9,60.839999999999996,1.5833320138899885,90.0,9.22292915304211,6.714285714285714,372,88,HIGH
2026-06-04,1,1,1,1,1.122209926330858,-1.097884673140011,1.307809061180827,1,0.9000950338865733,1.3268669741057402,0.7205995113654494,1,1,0.7848178910065139,1.3379492853096906,1.2393148422242892,9.84,13,22,8.26,33,45,127.02,13.08,9.67,83.64,1.6923063905335458,88.0,11.47972516414559,6.857142857142857,379,93,HIGH
2026-06-05,1,1,1,1,0.9198593457529918,-1.373388982585434,1.1826598687233316,1,1.0529622254478546,0.7947010754002295,1.1446597534468403,1,1,0.8525581861773027,1.2745490593167215,1.1112155562326318,9.15,11,21,8.73,27,52,128.62,12.77,9.25,77.775,1.9090891735552968,89.0,11.022873455082134,6.857142857142857,386,81,HIGH
2026-06-06,1,0,1,1,1.1603339487585722,-1.2356368278627223,1.0575106762658362,1,1.4432614379447424,0.8833953918511479,1.2052397880298962,1,1,1.2162388958754737,1.323633105246762,1.2088150122262755,9.97,12,20,9.93,28,53,137.21,13.01,9.57,64.805,1.6666652777789353,91.0,10.475039414248034,6.714285714285714,392,100,HIGH
2026-06-07,1,1,1,1,1.139805628989803,-1.097884673140011,1.1826598687233316,1,1.1440320416971284,1.2381726576548218,1.1446597534468403,1,1,0.8635659841425555,1.2622780478342115,1.077665743234817,9.9,13,21,9.01,32,52,128.88,12.71,9.14,84.15,1.615383372782021,94.0,10.940861587254751,6.714285714285714,399,95,HIGH
2026-06-08,1,1,1,1,1.1603339487585722,-0.9601325184172993,1.0575106762658362,1,1.1765569760718688,0.9720897083020664,0.7205995113654494,1,1,1.3910935327850713,1.3645364768551294,0.8153672052518989,9.97,14,20,9.11,29,45,141.34,13.21,8.28,84.745,1.4285704081639943,84.0,10.309840762519258,6.714285714285714,406,79,HIGH
2026-06-09,1,0,1,1,1.0840859039031443,-0.9601325184172993,1.307809061180827,1,0.9098525141989953,0.7947010754002295,0.9629196496976729,1,1,1.1362206722049792,0.810295791561754,0.781817392254084,9.71,14,22,8.29,27,49,135.32,10.5,8.17,63.11500000000001,1.5714274489803937,86.0,8.412112769418941,6.571428571428571,412,75,HIGH
2026-06-10,1,1,1,1,0.9022636430940468,-1.373388982585434,1.1826598687233316,1,1.1407795482596543,0.6173124424983926,1.0840797188637845,1,1,1.4702650027659305,1.3768074883376393,1.2698146722223027,9.09,11,21,9.0,25,51,143.21,13.27,9.77,77.265,1.9090891735552968,86.0,10.212404939787213,6.714285714285714,419,82,HIGH
2026-06-11,1,0,1,1,0.9902421563887714,-1.097884673140011,0.9323614838083407,1,0.9066000207615212,0.706006758949311,1.3263998571960078,1,1,0.7683061940586342,0.8921025347784884,0.9251665932447485,9.39,13,19,8.28,26,55,126.63,10.9,8.64,61.035000000000004,1.4615373372789713,91.0,9.418473220558782,6.571428571428571,425,82,HIGH
2026-06-12,1,1,1,1,1.1456708632094512,-0.8223803636945878,0.8072122913508454,1,1.4042315166950539,1.2381726576548218,1.1446597534468403,1,1,1.0993868867058627,1.3870333312397314,1.1935650972272684,9.92,15,18,9.81,32,52,134.45,13.32,9.52,84.32,1.1999992000005333,94.0,10.996449187117214,6.571428571428571,432,100,HIGH
2026-06-13,1,0,1,1,0.9521181339610573,-1.373388982585434,1.0575106762658362,1,0.971649889511003,1.3268669741057402,1.0840797188637845,1,1,1.4063350991984982,1.1579744502328748,1.172215216228659,9.26,11,20,8.48,33,51,141.7,12.2,9.45,60.19,1.818180165290759,94.0,9.420848693370756,6.571428571428571,438,75,HIGH
2026-06-14,1,0,1,1,0.8905331746547505,-0.8223803636945878,1.307809061180827,1,0.8252876848246696,0.706006758949311,1.1446597534468403,1,1,1.0549323180000334,1.358400971113874,1.0075161342393852,9.05,15,22,8.03,26,52,133.4,13.18,8.91,58.825,1.4666656888895409,88.0,10.96323315893918,6.428571428571429,444,81,HIGH
2026-06-15,1,0,1,1,1.0870185210129684,-1.2356368278627223,0.8072122913508454,1,1.157042015447025,1.4155612905566588,1.0840797188637845,1,1,0.9461244688819547,0.7100825311212543,0.9465164742433582,9.72,12,18,9.05,34,51,130.83,10.01,8.71,63.18000000000001,1.4999987500010417,95.0,8.285051457949722,6.285714285714286,450,84,HIGH
2026-06-16,1,1,1,1,0.8963984088743986,-0.9601325184172993,1.1826598687233316,1,0.8448026454495142,1.3268669741057402,0.7205995113654494,1,1,1.1446882091013284,1.1232065843657628,1.3338643152181318,9.07,14,21,8.09,33,45,135.52,12.03,9.98,77.095,1.499998928572194,88.0,9.741678699353898,6.428571428571429,457,98,HIGH
2026-06-17,1,1,1,1,1.1632665658683963,-1.373388982585434,1.307809061180827,1,1.2936467398209357,1.060784024752985,0.902339615114617,1,1,0.9139478286758294,0.7203083740233462,1.211864995226077,9.98,11,22,9.47,30,48,130.07,10.06,9.58,84.83,1.9999981818198347,88.0,8.382634081940331,6.428571428571429,464,100,HIGH
2026-06-18,1,1,1,1,0.9139941115333436,-0.9601325184172993,0.9323614838083407,1,1.342434141383046,1.5042556070075772,1.1446597534468403,1,1,0.9977764439496809,0.9841351208973144,1.123415488231837,9.13,14,19,9.62,35,52,132.05,11.35,9.29,77.605,1.3571418877557946,97.0,9.40347892266123,6.571428571428571,471,86,HIGH
2026-06-19,1,0,1,1,1.0870185210129684,-1.097884673140011,1.0575106762658362,1,1.1505370285720762,0.8833953918511479,0.7205995113654494,1,1,1.4982078745238807,0.7387148912471114,0.8519670012495155,9.72,13,20,9.03,28,45,143.87,10.15,8.4,63.18000000000001,1.5384603550304963,83.0,7.590487018360228,6.428571428571429,477,63,MEDIUM
2026-06-20,1,1,1,1,0.9491855168512332,-1.097884673140011,1.0575106762658362,1,0.8968425404490993,0.6173124424983926,1.3263998571960078,1,1,1.3373246734932576,0.8634701746526313,0.9465164742433582,9.25,13,20,8.25,25,55,140.07,10.76,8.71,78.625,1.5384603550304963,90.0,8.321088212737745,6.571428571428571,484,74,HIGH
2026-06-21,1,1,1,1,1.0049052419378919,-0.9601325184172993,1.1826598687233316,1,1.0529622254478546,1.060784024752985,0.8417595805315611,1,1,1.0379972442073362,1.0679870326944672,1.312514434219522,9.44,14,21,8.73,30,47,133.0,11.76,9.91,80.24,1.499998928572194,87.0,9.699768253070912,6.714285714285714,491,84,HIGH
2026-06-22,1,1,1,1,1.1104794578915615,-1.097884673140011,1.0575106762658362,1,0.8838325666992033,0.7947010754002295,1.2052397880298962,1,1,1.3148857007179338,0.7734827571142235,1.0959656412336247,9.8,13,20,8.21,27,53,139.54,10.32,9.2,83.30000000000001,1.5384603550304963,90.0,7.9863791993206,6.857142857142857,498,89,HIGH
2026-06-23,1,1,1,1,1.0694228183540233,-0.9601325184172993,0.8072122913508454,1,1.287141752945987,1.2381726576548218,1.0234996842807287,1,1,0.9588257742264769,1.2009229904216605,0.9892162362405769,9.66,14,18,9.45,32,50,131.13,12.41,8.85,82.11,1.285713367347595,92.0,10.453166235413896,6.857142857142857,505,89,HIGH
2026-06-24,1,1,1,1,1.0547597328049023,-0.9601325184172993,1.0575106762658362,1,1.1505370285720762,0.6173124424983926,0.7811795459485052,1,1,1.0676336233445556,1.231600519127936,1.211864995226077,9.61,14,20,9.03,25,46,133.7,12.56,9.58,81.685,1.4285704081639943,81.0,10.368168204707926,6.857142857142857,512,89,HIGH
2026-06-25,1,0,1,1,1.1544687145389234,-1.373388982585434,0.9323614838083407,1,1.3229191807582021,0.6173124424983926,0.8417595805315611,1,1,0.820381545971178,1.2050133275824972,1.2057650292264743,9.95,11,19,9.56,25,47,127.86,12.43,9.56,64.675,1.727271157026221,82.0,10.768430150876709,6.714285714285714,518,91,HIGH
2026-06-26,1,1,1,1,0.9814443050592987,-1.097884673140011,1.1826598687233316,1,1.3131617004457796,1.2381726576548218,1.0234996842807287,1,1,1.5032883966616901,0.7346245540862748,0.8245171542513032,9.36,13,21,9.53,32,50,143.99,10.13,8.31,79.56,1.615383372782021,92.0,7.567607383265547,6.857142857142857,525,84,HIGH
2026-06-27,1,0,1,1,1.0312987959263091,-1.2356368278627223,1.1826598687233316,1,1.1537895220095502,0.706006758949311,0.7205995113654494,1,1,1.0363037368280668,1.2397811934496092,0.8824668312475291,9.53,12,21,9.04,26,45,132.96,12.6,8.5,61.94499999999999,1.749998541667882,81.0,10.468593347574496,6.714285714285714,531,86,HIGH
2026-06-28,1,0,1,1,0.9521181339610573,-1.2356368278627223,0.8072122913508454,1,0.9033475273240473,0.9720897083020664,1.1446597534468403,1,1,0.919875104503274,1.074122538435722,1.336914298217933,9.26,12,18,8.27,29,52,130.21,11.79,9.99,60.19,1.4999987500010417,91.0,9.956087657820666,6.571428571428571,537,86,HIGH
2026-06-29,1,0,1,1,1.007837859047716,-1.097884673140011,0.8072122913508454,1,1.1733044826343948,1.5042556070075772,1.0234996842807287,1,1,1.460103958490312,1.0720773698553039,0.7848673752538853,9.45,13,18,9.1,35,50,142.97,11.78,8.18,61.425,1.3846143195274465,95.0,8.979342253270655,6.428571428571429,543,100,HIGH
2026-06-30,1,1,1,1,1.1368730118799788,-1.097884673140011,1.307809061180827,1,0.9618924091985804,1.5042556070075772,0.8417595805315611,1,1,1.4203065350774737,1.2909104079600682,1.2942145362207138,9.89,13,22,8.45,35,47,142.03,12.85,9.85,84.065,1.6923063905335458,92.0,9.947359502449334,6.428571428571429,550,100,HIGH
2026-07-01,1,0,1,1,1.107546840781737,-0.9601325184172993,1.307809061180827,1,0.9000950338865733,1.4155612905566588,1.0234996842807287,1,1,0.8995530159520366,1.1129807414636712,0.9495664572431595,9.79,14,22,8.26,34,50,129.73,11.98,8.72,63.63499999999999,1.5714274489803937,94.0,10.174096800501335,6.285714285714286,556,74,HIGH
2026-07-02,1,0,1,1,0.8963984088743986,-0.8223803636945878,0.8072122913508454,1,0.8968425404490993,1.1494783412039034,1.0840797188637845,1,1,1.0363037368280668,1.295000745120905,1.0227660492383923,9.07,15,18,8.25,31,51,132.96,12.87,8.96,58.955,1.1999992000005333,92.0,10.716961385880474,6.285714285714286,562,67,HIGH
2026-07-03,1,1,1,1,1.0635575841343752,-0.8223803636945878,0.9323614838083407,1,1.3164141938832536,1.3268669741057402,1.3263998571960078,1,1,1.0803349286890789,1.2643232164146299,0.940416508243755,9.64,15,19,9.54,33,55,134.0,12.72,8.69,81.94,1.2666658222227851,98.0,10.48812578429042,6.285714285714286,569,93,HIGH
2026-07-04,1,0,1,1,1.0019726248280678,-1.2356368278627223,0.9323614838083407,1,1.0269422779480621,0.7947010754002295,0.9629196496976729,1,1,1.4702650027659305,0.7530310713100401,0.806217256252495,9.43,12,19,8.65,27,49,143.21,10.22,8.25,61.295,1.5833320138899885,86.0,7.684787752102583,6.285714285714286,575,68,HIGH
2026-07-05,1,0,1,1,0.9785116879494746,-0.8223803636945878,1.0575106762658362,1,0.8968425404490993,0.9720897083020664,0.902339615114617,1,1,1.496090990299793,1.4402077143306085,1.2454148082238918,9.35,15,20,8.25,29,48,143.82,13.58,9.69,60.775,1.3333324444450372,87.0,10.426903376312703,6.285714285714286,581,89,HIGH
2026-07-06,1,1,1,1,1.0547597328049023,-1.2356368278627223,1.307809061180827,1,1.283889259508513,1.4155612905566588,0.8417595805315611,1,1,0.7784672383342528,1.231600519127936,1.0898656752340221,9.61,12,22,9.44,34,47,126.87,12.56,9.18,81.685,1.8333318055568288,91.0,10.987664159945396,6.428571428571429,588,95,HIGH
2026-07-07,1,1,1,1,1.122209926330858,-0.8223803636945878,1.0575106762658362,1,1.2383543513838766,0.6173124424983926,1.3263998571960078,1,1,1.1764414724626355,1.3829429940788946,0.7482675792562691,9.84,15,20,9.3,25,55,136.27,13.3,8.06,83.64,1.3333324444450372,90.0,10.815645213007626,6.428571428571429,595,88,HIGH
2026-07-08,1,1,1,1,1.0576923499147264,-0.9601325184172993,0.9323614838083407,1,1.3391816479455723,1.5042556070075772,0.9629196496976729,1,1,0.7251217558872567,1.436117377169772,1.0624158282358098,9.62,14,19,9.61,35,49,125.61,13.56,9.09,81.77,1.3571418877557946,94.0,12.101739214481105,6.571428571428571,602,81,HIGH
2026-07-09,1,1,1,1,0.9638486024003542,-1.2356368278627223,1.0575106762658362,1,1.20908191044661,1.2381726576548218,1.1446597534468403,1,1,0.7611087876967378,0.7571214084708767,0.9983661852399813,9.3,12,20,9.21,32,52,126.46,10.24,8.88,79.05000000000001,1.6666652777789353,94.0,8.810875166849495,6.714285714285714,609,74,HIGH
2026-07-10,1,1,1,1,1.1280751605505062,-1.097884673140011,1.307809061180827,1,1.1798094695093428,1.1494783412039034,0.8417595805315611,1,1,0.9698335721917296,1.5158789518060878,0.940416508243755,9.86,13,22,9.12,31,47,131.39,13.95,8.69,83.81,1.6923063905335458,88.0,11.878404983105844,6.714285714285714,616,88,HIGH
2026-07-11,1,1,1,1,0.9462528997414091,-0.9601325184172993,1.307809061180827,1,1.0887396532600693,0.6173124424983926,0.9629196496976729,1,1,0.8030230953336636,1.0761677070161408,0.8153672052518989,9.24,14,22,8.84,25,49,127.45,11.8,8.28,78.54,1.5714274489803937,84.0,10.203198426009648,6.857142857142857,623,91,HIGH
2026-07-12,1,0,1,1,1.1134120750013856,-0.8223803636945878,1.1826598687233316,1,1.1407795482596543,0.7947010754002295,1.1446597534468403,1,1,1.4901637144723496,1.2970459137013235,0.8458670352499129,9.81,15,21,9.0,27,52,143.68,12.88,8.38,63.765,1.399999066667289,89.0,9.847094048387305,6.857142857142857,629,77,HIGH
2026-07-13,1,1,1,1,1.022500944596837,-0.8223803636945878,1.0575106762658362,1,0.8480551388869881,0.8833953918511479,0.902339615114617,1,1,0.7755036004205306,1.0291288296665184,1.0075161342393852,9.5,15,20,8.1,28,48,126.8,11.57,8.91,80.75,1.3333324444450372,86.0,10.040787117869728,6.857142857142857,636,75,HIGH
2026-07-14,1,1,1,1,1.0195683274870129,-1.373388982585434,1.1826598687233316,1,0.9033475273240473,1.3268669741057402,0.7205995113654494,1,1,1.4465558994561545,1.243871530610446,1.0166660832387893,9.49,11,21,8.27,33,45,142.65,12.62,8.94,80.665,1.9090891735552968,88.0,9.705451841463365,6.857142857142857,643,93,HIGH
2026-07-15,1,1,1,1,1.0899511381227924,-1.2356368278627223,1.0575106762658362,1,1.1765569760718688,1.4155612905566588,1.2052397880298962,1,1,1.346215587234424,1.0066319752819166,0.9739663212415703,9.73,12,20,9.11,34,53,140.28,11.46,8.8,82.705,1.6666652777789353,97.0,8.896133450075032,6.857142857142857,650,96,HIGH
2026-07-16,1,0,1,1,0.9902421563887714,-0.8223803636945878,0.8072122913508454,1,0.9000950338865733,1.4155612905566588,1.3263998571960078,1,1,1.080758305533896,1.1579744502328748,1.2332148762246866,9.39,15,18,8.26,34,55,134.01,12.2,9.65,61.035000000000004,1.1999992000005333,99.0,10.015597240325324,6.714285714285714,656,81,HIGH
2026-07-17,1,0,1,1,0.9902421563887714,-0.8223803636945878,1.307809061180827,1,1.0757296795101732,0.7947010754002295,0.902339615114617,1,1,1.3724649516131047,0.9861802894777327,1.3033644852201183,9.39,15,22,8.8,27,48,140.9,11.36,9.88,61.035000000000004,1.4666656888895409,85.0,8.76949137181632,6.571428571428571,662,88,HIGH
2026-07-18,1,0,1,1,0.8905331746547505,-0.8223803636945878,1.307809061180827,1,0.9066000207615212,1.2381726576548218,0.8417595805315611,1,1,0.8153010238333687,0.9800447837364777,1.0197160662385905,9.05,15,22,8.28,32,47,127.74,11.33,8.95,58.825,1.4666656888895409,89.0,9.732839985152479,6.428571428571429,668,75,HIGH
2026-07-19,1,1,1,1,1.1691318000880444,-0.8223803636945878,1.0575106762658362,1,1.1407795482596543,0.6173124424983926,0.7205995113654494,1,1,1.1226726131708218,1.1170710786245077,1.0349659812375975,10.0,15,20,9.0,25,45,135.0,12.0,9.0,85.0,1.3333324444450372,80.0,9.756096767797011,6.571428571428571,675,82,HIGH
